sender_id,text,date
-1001333826717,"­Ъћ┤INIMA┬а Coffee Grinder 
Stainless Steel Bowl to mill
┬а┬а┬а┬а┬а┬а┬а РГљ№ИЈcoffee 
┬а┬а┬а┬а┬а┬а┬а РГљ№ИЈcardamom
┬а┬а┬а┬а┬а┬а┬а РГљ№ИЈnut 
┬а┬а┬а┬а┬а┬а┬а РГљ№ИЈSpices 
┬а┬а┬а┬а┬а┬а┬а РГљ№ИЈ150W

┬а┬а
рІІрїІрЇд┬а ┬аРюЁ 1550┬а ріеріљрЇЃ рІ▓рѕірЅерѕф рїІрѕГ

ріеріљрЇЃ рІ▓рѕірЅерѕф рїІрѕГ
­ЪЏърІФрѕЅрЅарЅх рЅдрЅ│ рІхрѕерѕх рЅаріљрї╗ ріЦріЊрІ░рѕГрѕ│рѕѕріЋ (Free Delivery)РГЋ№ИЈ2рІЋрЅЃ ріе1 рѕ║ рЅЦрѕГ рЅарѕІрІГ рІерѕџрЅ░рѕўріЉ рІЋрЅЃрІјрЅй рѕ▓рїѕрІЎ рѕхрїдрЅ│­Ъјђ ріарІўрїІрїЁрЅ░ріЊрѕЇ

┬а┬а 0933334444 @LeMazez_z
┬а┬а 
┬а┬а 0946242424 @Le_Mazez

ріарІхрѕФрѕ╗РюЁ
РГЋ№ИЈрЅЂрїЦрѕГ 1 рѕЇрІ░рЅ│ рІѕрІ░ рЅБрѕЇрЅ╗ рѕєрѕхрЇњрЅ│рѕЇ рїѕрЅБ рЅЦрѕј┬а ріарѕЁрѕўрІх рѕЁріЋрЇЃ рѕІрІГ 1ріЏрЇјрЅЁ 105B
РГЋ№ИЈрЅЂрїЦрѕГ 2 __ 22 ріарІЇрѕФрѕфрѕх рѕєрЅ┤рѕЇ ріарїарїѕрЅЦ┬а рЅарЇђрїІ рѕЁріЋрЇЃ 3ріЏ рЇј рЅЁ ріе рѕірЇЇрЅ▒┬а рЅа рїЇрѕФ рІерѕ▒рЅЁ рЅЂрїЦрѕГ­ЪЉї C10 
рІГрІ░рІЅрѕЅрѕЇріЋ­ЪЉє",2024-09-28 12:31:21+00:00
-1001333826717,"­Ъћ┤рІерЇѕріЋрІ▓рѕ╗ рѕЏрЇЇріфрІФ
popcorn maker
**рІІрїІ 2200РюЁ**
ріеріљрЇЃ рІ▓рѕірЅерѕф рїІрѕГ
#ріГрЇЇрІФрІјріЋ_рЅарѕърЅБрІГрѕЇ_рЅБріЋріфріЋрїЇ_рѕўрЇѕрЇђрѕЮрѕЮ_рІГрЅйрѕІрѕЅ рЅарЅ░рїерѕЏрѕф #ріе_1000_рЅЦрѕГ рЅарѕІрІГ рІерѕєріЉ #рѕЂрѕѕрЅх_рІЋрЅЃрІјрЅй рѕ▓рїѕрІЎ рѕхрїдрЅ│ ріЦріЋрѕЇріГрѕѕрІјрЅ│рѕѕріЋ 
­ЪјЂ T.me/Leyueqa ­ЪЉѕрЅ╗ріЊрѕІрЅйріЋріЋ рѕѕрїЊрІ░ріЏрІј рѕИрѕГ рѕЏрІхрѕерїЇрІјріЋ ріарІГрѕГрѕ▒ 
┬а┬а┬а┬а┬а┬а┬а┬а┬а┬а 0933334444 @Leyustore
┬а┬а┬а
┬а┬а┬а┬а┬а┬а┬а┬а┬а┬а┬а0946242424 @Le_Mazez",2024-09-28 09:22:11+00:00
-1001333826717,"­Ъћа­Ъћа­Ъћа ­Ъћа­Ъћа­Ъћа­Ъћа2 рІхрѕхрЅХрЅй + 1 рІѕрїЦ рѕЏрЅЁрѕерЅбрІФ + 1 рѕўрїЦрЅарѕ╗ 
┬а рІерѕЏрІГрІЎ рІерѕЏрІФрѕ│рѕГрѕЕ рѕѕрІГрЅ│ рІЇрЅА рІерѕєріЉ 
┬а┬а┬а┬а┬а┬а┬а┬а рІІрїІ ­Ъњх6500 рЅЦрѕГ┬а ­ЪЏъ­ЪЏъріеріљрЇЃ рІ▓рѕірЅерѕф рїІрѕГ­ЪЏъ­ЪЏъ

┬а 0933334444┬а┬а┬а┬а┬а @LeMazez_z
┬а 
┬а 0946242424┬а┬а┬а┬а┬а @Le_Mazez",2024-09-28 08:26:27+00:00
-1001333826717,"­Ъћц­Ъћц­Ъћц­Ъћц­Ъћц Ръќ­Ъћц­Ъћц­Ъћц­Ъћц
Philips Easy Speed Iron

­ЪЇђEasy to use
­ЪЇђWater tank capacity 220 ml (enables lonver use)
­ЪЇђSoleplate name:- Non-stick
­ЪўАSpray:- Yes

Technical specifications
Cord length 1.9 m
Heating time 30 sec
Power:- 2000watt 

┬а┬а┬а┬а┬а┬а┬а рІІрїІ:-Рюћ№ИЈ3900рЅЦрѕГ
ріеріљрЇЃ рІ▓рѕірЅерѕф рїІрѕГ 
┬а┬а┬а┬а┬а┬а­ЪЊї­ЪЊї­ЪЊїріарІхрѕФрѕ╗­ЪЉђ
РГЋ№ИЈрЅЂрїЦрѕГ 1 рѕЇрІ░рЅ│ рІѕрІ░ рЅБрѕЇрЅ╗ рѕєрѕхрЇњрЅ│рѕЇ рїѕрЅБ рЅЦрѕј┬а ріарѕЁрѕўрІх рѕЁріЋрЇЃ рѕІрІГ 1ріЏрЇјрЅЁ 105B
РГЋ№ИЈрЅЂрїЦрѕГ 2 __ 22 ріарІЇрѕФрѕфрѕх рѕєрЅ┤рѕЇ ріарїарїѕрЅЦ┬а рЅарЇђрїІ рѕЁріЋрЇЃ 3ріЏ рЇј рЅЁ ріе рѕірЇЇрЅ▒┬а рЅа рїЇрѕФ рІерѕ▒рЅЁ рЅЂрїЦрѕГ­ЪЉї C10 
рІГрІ░рІЅрѕЅрѕЇріЋ­ЪЉє 
рЅБрѕЅрЅарЅх┬а рІФрѕѕрЅ░рїерѕЏрѕф ріГрЇЇрІФ рѕЏрІўрІЮ рІГрЅйрѕІрѕЅ 
0933334444 @LeMazez_z
0946242424 @Le_Mazez
0944109295 @Lemaze_z",2024-09-28 06:11:19+00:00
-1001333826717,"7№ИЈРЃБ  ­Ъћа­Ъћа   1№ИЈРЃБRAF ­ЪЦф Sandwich Maker 7 In 1 

­ЪћЦ Panini Grill
­ЪћЦ Nut Maker 
­ЪћЦ Sandwich 
­ЪћЦ Waffle ­ЪДЄ
­ЪћЦ Madeleine board
­ЪћЦ Doughnut ­ЪЇЕ
­ЪћЦ Patterned Sandwich

Рюћ№ИЈ Non Slip Foot Mats
Рюћ№ИЈ Seven Removable Discs 
Рюћ№ИЈ Non-stick Coated Board 
Рюћ№ИЈ indicator Light For Controlled Cooking 
Рюћ№ИЈ Double sided Heating 
Рюћ№ИЈ Easy to use and Clean 
Рюћ№ИЈ Power = 800W

┬а┬а┬а┬а┬а┬а ­Ъњх7800** рЅЦрѕГ**

­Ъџџ**­ЪЈЇріе ріљрЇЃ рѕЏрІхрѕерѕх рїІрѕГ**

T.me/Leyueqa ­ЪЉѕрЅ╗ріЊрѕІрЅйріЋріЋ рѕѕрїЊрІ░ріЏрІј рѕИрѕГ рѕЏрІхрѕерїЇрІјріЋ ріарІГрѕГрѕ▒ 
┬а┬а┬а┬а ­ЪЊ▓0933334444 @LeMazez_z
┬а┬а┬а┬а┬а┬а┬а┬а   0944109295 @Lemaze_z
┬а┬а┬а┬а┬а┬а┬а┬а┬а┬а┬а0946242424 @Le_Mazez",2024-09-27 16:51:44+00:00
-1001333826717,"­Ъї╝­Ъї╝­Ъї╝­Ъћ┤рІГрѕЁріЋ рѕўрЇЇрїФ ріерѕЂрѕЅрѕЮ рІерЅ░рѕ╗рѕѕ рѕєріќ ріарїЇріЮрЅ░ріљрІІрѕЇРЮЌ№ИЈkitchen expert NO# 1 ріарѕхрЅ░рѕЏрѕЏріЮ рІерѕєріљ рІЋрЅЃ
рЅаріцрѕїріГрЅхрѕфріГ рІерѕџрѕ░рѕФ рІерѕйріЋріЕрѕГрЅхрЇБ рІерѕхрїІ рЇБрІерїерїЊрѕФ┬а рѕўрЇЇрїФ рЅа 15 рѕ░ріеріЋрІХрЅй┬а рІЅрѕхрїЦ рІхрЅЁрЅЁ ріарІхрѕГрїј рІерѕџрЇѕрїГ┬а рѕЮрѕІрїГ
рЅа 3 рѕірЅхрѕГ ріЦріЊ 5рѕірЅхрѕГ ┬а рЇѕрїБріЋ рІерѕєріЉ
Рюћ№ИЈ3рѕірЅхрѕГ **2100****­Ъћ┤**** 
****Рюћ№ИЈ****5рѕірЅхрѕГ 2600****­ЪЪб****
рІе1 ріарѕўрЅх рІІрѕхрЅхріЊ рІФрѕІрЅИрІЅ рЅарїБрѕЮ рІерѕџрІФрѕхрІ░рѕхрЅх рІЋрЅЃ рІ░рІЅрѕѕрІЅ рѕЏрІўрІЮ рІГрЅйрѕІрѕЅ** 

РъА№ИЈ~~рІГрѕЁріЋ рІЋрЅЃ ріЦріЊ рѕїрѕІ 1 ріЦрЅЃ рїерѕЮрѕерІЅ рѕ▓рїѕрІЎ 1 рѕЮрѕГрїЦ рЅбрѕІ рЅаріљрЇЃ~~ ­ЪЊБ­ЪјЂ

┬а┬а┬а┬а┬а┬а┬а┬а┬а┬а ­ЪЊї­ЪЊї­ЪЊїріарІхрѕФрѕ╗­ЪЉђ
РГЋ№ИЈрЅЂрїЦрѕГ 1 рѕЇрІ░рЅ│ рІѕрІ░ рЅБрѕЇрЅ╗ рѕєрѕхрЇњрЅ│рѕЇ рїѕрЅБ рЅЦрѕј┬а ріарѕЁрѕўрІх рѕЁріЋрЇЃ рѕІрІГ 1ріЏрЇјрЅЁ 105B
РГЋ№ИЈрЅЂрїЦрѕГ 2 __ 22 ріарІЇрѕФрѕфрѕх рѕєрЅ┤рѕЇ ріарїарїѕрЅЦ┬а рЅарЇђрїІ рѕЁріЋрЇЃ 3ріЏ рЇј рЅЁ ріе рѕірЇЇрЅ▒┬а рЅа рїЇрѕФ рІерѕ▒рЅЁ рЅЂрїЦрѕГ­ЪЉї C10 
рІГрІ░рІЅрѕЅрѕЇріЋ­ЪЉє 
­ЪЊБрЅБрѕЅрЅарЅх┬а рІФрѕѕрЅ░рїерѕЏрѕф ріГрЇЇрІФ рѕЏрІўрІЮ рІГрЅйрѕІрѕЅ

#ріГрЇЇрІФрІјріЋ_рЅарѕърЅБрІГрѕЇ_рЅБріЋріфріЋрїЇ_рѕўрЇѕрЇђрѕЮрѕЮ_рІГрЅйрѕІрѕЅ рЅарЅ░рїерѕЏрѕф #ріе_1000_рЅЦрѕГ рЅарѕІрІГ рІерѕєріЉ #рѕЂрѕѕрЅх_рІЋрЅЃрІјрЅй рѕ▓рїѕрІЎ рѕхрїдрЅ│­ЪџФ­ЪїЪРГљ№ИЈРГљ№ИЈ ріЦріЋрѕЇріГрѕѕрІјрЅ│рѕѕріЋ 
T.me/Leyueqa ­ЪЉѕрЅ╗ріЊрѕІрЅйріЋріЋ рѕѕрїЊрІ░ріЏрІј рѕИрѕГ рѕЏрІхрѕерїЇрІјріЋ ріарІГрѕГрѕ▒ 
┬а┬а┬а┬а┬а┬а┬а┬а┬а┬а┬а ­ЪЊ▓0933334444 @LeMazez_z
┬а┬а┬а┬а┬а┬а┬а┬а┬а┬а┬а 0944109295 @Lemaze_z
┬а┬а┬а┬а┬а┬а┬а┬а┬а┬а┬а 0946242424 @Le_Mazez",2024-09-26 09:27:56+00:00
-1001333826717,"РїЏ­ЪњД­Ъї╝­Ъї╝­Ъї╝Telescopic Stainless Steel Majic Mop

Рюћ№ИЈ рѕЏрїѓріГ рѕўрІѕрѕЇрІѕрІФ
Рюћ№ИЈ рІЇрѕЃ рЅаріерЇЇрЅ░ріЏ рІ░рѕерїЃ рІГрѕўрїБрѕЇ
Рюћ№ИЈрЅарѕФрѕ▒ рІГрїерѕЮрЅЃрѕЇ ріеріЦрїЁ ріЋріфріф ріљрЇЃ

┬а┬а┬а┬а┬а┬а┬а┬а┬а┬а┬а┬а┬а┬а­Ъњ▓** рІІрїІрЇд 900 рЅЦрѕГ** ріеріљрЇЃ рІ▓рѕірЅерѕф рїІрѕГ
┬а┬а┬а┬а┬а┬а┬а┬а ­ЪЊї­ЪЊї­ЪЊїріарІхрѕФрѕ╗­ЪЉђ
РГЋ№ИЈрЅЂрїЦрѕГ 1 рѕЇрІ░рЅ│ рІѕрІ░ рЅБрѕЇрЅ╗ рѕєрѕхрЇњрЅ│рѕЇ рїѕрЅБ рЅЦрѕј┬а ріарѕЁрѕўрІх рѕЁріЋрЇЃ рѕІрІГ 1ріЏрЇјрЅЁ 105B
РГЋ№ИЈрЅЂрїЦрѕГ 2 __ 22 ріарІЇрѕФрѕфрѕх рѕєрЅ┤рѕЇ ріарїарїѕрЅЦ┬а рЅарЇђрїІ рѕЁріЋрЇЃ 3ріЏ рЇј рЅЁ ріе рѕірЇЇрЅ▒┬а рЅа рїЇрѕФ рІерѕ▒рЅЁ рЅЂрїЦрѕГ­ЪЉї C10 
рІГрІ░рІЅрѕЅрѕЇріЋ­ЪЉє 
­ЪЊБ 
0933334444 @LeMazez_z
0946242424 @Le_Mazez
0944109295 @Lemaze_z",2024-09-26 05:49:13+00:00
-1001333826717,"­Ъћа­Ъћа­Ъћа­Ъћа­ЪћаSiliver crest РъА№ИЈBrand┬а рЅБрѕѕ1 ріЦріЊ рЅБрѕѕ┬а 2 рЅ░рЅй рѕхрЅХрЅГ
An environmentally friendly and safe plate based on a light wave
Light wave technology
Safe and high Quality, does not emit smoke and flame
Suitable for this product: cooking,
can be roasted and steamed
This appliance can perform a variety of functions, including a multi-function plate Has a heating function

­ЪЉЅрїЇрІюрІјріЋ ріЦріЊ рїЅрѕЇрЅарЅхрІјріЋ рІерѕџрЅєрїЦрЅЦ рЇѕрїБріЋ рѕхрЅХрЅГ
**
┬а­ЪЉЅрЅБрѕѕ 2 price┬а**Рюћ№ИЈ7200┬а Delivery Free**
­ЪЉЅрЅБрѕѕ 1price**Рюћ№ИЈ3100 #ріГрЇЇрІФрІјріЋ_ рІЋрЅЃрІЅ _ріЦрїЁрІј рѕ▓рІ░рѕГрѕх_рЅарѕърЅБрІГрѕЇ_рЅБріЋріфріЋрїЇ_рѕўрЇѕрЇђрѕЮ_рІГрЅйрѕІрѕЅРъА№ИЈ рЅарЅ░рїерѕЏрѕф #рѕЂрѕѕрЅх рІЋрЅЃрІјрЅйріЋ ріе_1000_рЅЦрѕГ рЅарѕІрІГ рІерѕџрЅ░рѕўріЉ┬а 2 рІЋрЅЃрІјрЅйріЋ_ріаріЋрІ┤┬а рѕ▓рїѕрІЎ рѕхрїдрЅ│Рђ╝№ИЈ ріЦріЋрѕЇріГрѕѕрІјрЅ│рѕѕріЋ 
┬а┬а┬а┬а┬а┬а┬а┬а┬а┬а┬а 0933334444 @LeMazez_z
┬а┬а┬а┬а┬а┬а┬а┬а┬а┬а┬а 0944109295 @Lemaze_z
┬а┬а┬а┬а┬а┬а┬а┬а┬а┬а┬а 0946242424 @Le_Mazez",2024-09-25 17:39:49+00:00
-1001333826717,"­Ъћа­Ъћа­Ъћа­ЪћарѕХрѕхрЅх рЇЇрѕг рІерІ│рЅд ріЦріЊ рІерігріГ рЅЁрѕГрїй рѕЏрІЇрїФ ( рѕўрїІрїѕрѕфрІФ рЇЊрЅхрѕФ )

┬а┬а┬а┬а ­ЪЉЅрЅхрѕЇрЅЂ 

3 Pc Shaped Mould 
24CM & 26CM & 28CM

­ЪЉЅ ріаріЋрІх ріГрЅЦ рЅБрЅхрѕФ
­ЪЉЅ ріаріЋрІх ріарѕФрЅх рѕЏрІЋрІўріЋ рЅБрЅхрѕФ
­ЪЉЅ ріаріЋрІх рѕЇрЅЦ рЅЁрѕГрЇЁ рЅБрЅхрѕФ

┬а┬а┬а┬а┬а┬а рІІрїІ Рюћ№ИЈ1250

рІерѕўрѕерїАрЅхріЋ ріЦрЅЃ рІГрІўрІЎрЇц рІФрѕЅрЅарЅх рЅаріљрЇЃ┬а ріЦріЊрІ░рѕГрѕ│рѕѕріЋ!!


┬а┬а 0933334444 @LeMazez_z
┬а┬а 0944109295 @Lemaze_z
┬а┬а 0946242424 @Le_Mazez
┬а┬а #ріарІхрѕФрѕ╗­Ъћў­Ъїђ
РГЋ№ИЈрЅЂрїЦрѕГ 1 рѕЇрІ░рЅ│ рІѕрІ░ рЅБрѕЇрЅ╗ рѕєрѕхрЇњрЅ│рѕЇ рїѕрЅБ рЅЦрѕј┬а ріарѕЁрѕўрІх рѕЁріЋрЇЃ рѕІрІГ 1ріЏрЇјрЅЁ 105B
РГЋ№ИЈрЅЂрїЦрѕГ 2 __ 22 ріарІЇрѕФрѕфрѕх рѕєрЅ┤рѕЇ ріарїарїѕрЅЦ┬а рЅарЇђрїІ рѕЁріЋрЇЃ 3ріЏ рЇј рЅЁ ріе рѕірЇЇрЅ▒┬а рЅа рїЇрѕФ рІерѕ▒рЅЁ рЅЂрїЦрѕГ­ЪЉї C10 
рІГрІ░рІЅрѕЅрѕЇріЋ­ЪЉє",2024-09-25 10:38:58+00:00
-1001333826717,"­ЪД│­ЪД│­ЪД│HIGH PRESSURE WATER GUN HEAD SET
­ЪЉЅ 360┬░ рІерѕџрІърѕГ
­ЪЉЅ рЅарЅђрѕІрѕЅ рІерІЇрѕЃ рЅ▒рЅд рѕІрІГ рІерѕџрїѕрїарѕЮ
­ЪЉЅ рѕѕрѕўріфріЊ ріЦрїЦрЅарЅх рЅ░рѕўрѕФрїГ
­ЪЉЅ ріарЅхріГрѕЇрЅх рѕѕрѕЏрїарїБрЅх ріЦріЊ рІѕрѕѕрѕЇ рѕѕрѕЏрїарЅЦ рІерѕџрѕўрѕерїЦ 
**рІІрїІРюЁріерІ▓рѕірЅерѕф рїІрѕГ 950 рЅЦрѕГ**
┬а ­ЪјЂ T.me/Leyueqa ­ЪЉѕрЅ╗ріЊрѕІрЅйріЋріЋ рѕѕрїЊрІ░ріЏрІј рѕИрѕГ рѕЏрІхрѕерїЇрІјріЋ ріарІГрѕГрѕ▒
┬а┬а┬а┬а┬а┬а┬а┬а┬а┬а┬а
         0933334444 @LeMazez_z 
┬а┬а┬а┬а┬а┬а┬а┬а┬а┬а┬а 0944109295 @Lemaze_z
┬а┬а┬а┬а┬а┬а┬а┬а┬а┬а┬а 0946242424 @Le_Mazez",2024-09-25 07:44:47+00:00
-1001333826717,"­ЪЎѓ­ЪЎѓ­ЪЎѓSMILE FACY PAN­Ъўђ­Ъўђ­Ъўђ­Ъўђ­Ъўђ
рІерЇЊріЋрігріГ рѕўрѕхрѕфрІФ рЇЊріЋ рѕ┤рѕФрѕџріГ рІерѕєріљ рІерѕЏрІГрІЮ рІЋрЅЃ ріарѕхрѕўрїЦрЅ░ріЊрѕЇ рЅарЅђрѕІрѕЅ рЅЂрѕГрѕх ріЦріЊ рѕўріГрѕ░рѕх ріљрїѕрѕ«рЅйріЋ рѕѕрѕЇрїєрЅй рѕѕрѕЏрІўрїІрїђрЅх рІерѕџрѕєріЋ **рІІрїІ 1700**РюЁ

рЅБрѕЅрЅарЅх┬а рІФрѕѕрЅ░рїерѕЏрѕф ріГрЇЇрІФ рѕЏрІўрІЮ рІГрЅйрѕІрѕЅ 
┬а┬а┬а┬а┬а┬а┬а┬а┬а┬а ┬а┬а0933334444 @LeMazez_z
┬а┬а┬а┬а┬а┬а┬а┬а┬а┬а┬а┬а┬а 0946242424 @Le_Mazez
┬а┬а┬а┬а┬а┬а┬а┬а┬а┬а┬а┬а┬а 0944109295 @Lemaze_z",2024-09-25 05:48:40+00:00
-1001333826717,"­Ъћ┤рІўрІГрЅх рЅєрїБрЅб­ЪЉђ DEEP FRYER 2.5 рѕірЅхрѕГ рІхрѕерѕх рІерѕџрІГрІЮ ріерІЏ рЅарЅ│рЅй рЅарѕєріљ рІўрІГрЅх рѕўрїарЅђрѕЮ рІерѕЮріЋрЅйрѕЇрЅарЅх рЅєріЋрїє ріЦрЅЃ рІўрІГрЅх рІерѕЏрІФрЅБріГріЋ 

­ЪњЏрѕхрЅ┤ріЋрѕѕрѕх рѕхрЅ▓рѕЇ рІерѕєріљ

­ЪњЏрІерѕЎрЅђрЅх рѕўрЅєрїБрїарѕфрІФ ріарЅЦрѕ« рІФрѕѕрІЅ
­ЪњЏрІерѕЏрІГрІЮрІЮ рІе рѕЏрІФрѕ│рѕерѕГрѕГ рЅ│ріЋріГ 
­ЪњЏріарЅЦрѕ«┬а рІе рѕўрїЦрЅарѕ╗ рІѕріЋрЇірЅх рѕЏрїЦрѕѕрІФ рІФрѕѕрІЅ
#рІерЅйрЅарѕх_рѕўрїЦрЅарѕ╗ 
┬а рІерѕџрІГрІўрІЇ рѕўрїаріЋ ріерЅхріЋрѕй рІўрІГрЅх ріЦрѕхріе 2.5рѕірЅхрѕГ
­ЪЇЪ рѕѕрЅйрЅЦрѕх ­ЪЇЌрѕѕрІХрѕ« ­ЪЇћрѕѕрЅарѕГрїѕрѕГ рѕхрїІ ­ЪЦЪрѕѕрѕ│рѕЮрЅАрѕ│┬а┬а 
┬а┬а┬а┬а┬а┬а┬а рѕѕрѕџрїарЅБрЅарѕ▒┬а ріљрїѕрѕ«рЅй РюЁрІІрѕхрЅхріЊ рІФрѕѕрІЇ 
┬а┬а┬а┬а РюЁ**рІІрїІ 4800рЅЦрѕГ ріеріљрЇЃ рІ▓рѕірЅерѕф рїІрѕГ**
┬а┬а┬а рІЇрѕхріЋ рЇЇрѕг ріљрІЇ рІФрѕѕріЋ рІ░рІЇрѕѕрІЇ рІГрІўрІЎріЋ

┬а┬а┬а┬а┬а┬а┬а┬а┬а┬а┬а 0933334444 @LeMazez_z 
┬а┬а┬а┬а┬а┬а┬а┬а┬а┬а┬а 0946242424 @Le_Mazez
            0944109295 @Lemaze_z
#ріГрЇЇрІФрІјріЋ_рЅарѕърЅБрІГрѕЇ_рЅБріЋріфріЋрїЇ_рѕўрЇѕрЇђрѕЮрѕЮ_рІГрЅйрѕІрѕЅ рЅарЅ░рїерѕЏрѕф #ріе_1000_рЅЦрѕГ** рЅарѕІрІГ** рІерѕєріЉ
#рѕЂрѕѕрЅх_рІЋрЅЃрІјрЅй рѕ▓рїѕрІЎ рѕхрїдрЅ│ ріЦріЋрѕЇріГрѕѕрІјрЅ│рѕѕріЋ 
­ЪјЂ T.me/Leyueqa ­ЪЉѕрЅ╗ріЊрѕІрЅйріЋріЋ рѕѕрїЊрІ░ріЏрІј рѕИрѕГ рѕЏрІхрѕерїЇрІјріЋ ріарІГрѕГрѕ▒",2024-09-24 18:27:52+00:00
-1001333826717,"­Ъћ┤рІўрІГрЅх рЅєрїБрЅб­ЪЉђ DEEP FRYER 2.5 рѕірЅхрѕГ рІхрѕерѕх рІерѕџрІГрІЮ ріерІЏ рЅарЅ│рЅй рЅарѕєріљ рІўрІГрЅх рѕўрїарЅђрѕЮ рІерѕЮріЋрЅйрѕЇрЅарЅх рЅєріЋрїє ріЦрЅЃ рІўрІГрЅх рІерѕЏрІФрЅБріГріЋ 

­ЪњЏрѕхрЅ┤ріЋрѕѕрѕх рѕхрЅ▓рѕЇ рІерѕєріљ

­ЪњЏрІерѕЎрЅђрЅх рѕўрЅєрїБрїарѕфрІФ ріарЅЦрѕ« рІФрѕѕрІЅ
­ЪњЏрІерѕЏрІГрІЮрІЮ рІе рѕЏрІФрѕ│рѕерѕГрѕГ рЅ│ріЋріГ 
­ЪњЏріарЅЦрѕ«┬а рІе рѕўрїЦрЅарѕ╗ рІѕріЋрЇірЅх рѕЏрїЦрѕѕрІФ рІФрѕѕрІЅ
#рІерЅйрЅарѕх_рѕўрїЦрЅарѕ╗ 
┬а рІерѕџрІГрІўрІЇ рѕўрїаріЋ ріерЅхріЋрѕй рІўрІГрЅх ріЦрѕхріе 2.5рѕірЅхрѕГ
­ЪЇЪ рѕѕрЅйрЅЦрѕх ­ЪЇЌрѕѕрІХрѕ« ­ЪЇћрѕѕрЅарѕГрїѕрѕГ рѕхрїІ ­ЪЦЪрѕѕрѕ│рѕЮрЅАрѕ│┬а┬а 
┬а┬а┬а┬а┬а┬а┬а рѕѕрѕџрїарЅБрЅарѕ▒┬а ріљрїѕрѕ«рЅй РюЁрІІрѕхрЅхріЊ рІФрѕѕрІЇ 
┬а┬а┬а┬а РюЁ**рІІрїІ 4800рЅЦрѕГ ріеріљрЇЃ рІ▓рѕірЅерѕф рїІрѕГ**
┬а┬а┬а рІЇрѕхріЋ рЇЇрѕг ріљрІЇ рІФрѕѕріЋ рІ░рІЇрѕѕрІЇ рІГрІўрІЎріЋ

┬а┬а┬а┬а┬а┬а┬а┬а┬а┬а┬а┬а┬а0933334444 @LeMazez_z 
┬а┬а┬а┬а┬а┬а┬а┬а┬а┬а┬а 0946242424 @Le_Mazez
             0944109295 @Lemaze_z
#ріГрЇЇрІФрІјріЋ_рЅарѕърЅБрІГрѕЇ_рЅБріЋріфріЋрїЇ_рѕўрЇѕрЇђрѕЮрѕЮ_рІГрЅйрѕІрѕЅ рЅарЅ░рїерѕЏрѕф #ріе_1000_рЅЦрѕГ** рЅарѕІрІГ** рІерѕєріЉ
#рѕЂрѕѕрЅх_рІЋрЅЃрІјрЅй рѕ▓рїѕрІЎ рѕхрїдрЅ│ ріЦріЋрѕЇріГрѕѕрІјрЅ│рѕѕріЋ 
­ЪјЂ T.me/Leyueqa ­ЪЉѕрЅ╗ріЊрѕІрЅйріЋріЋ рѕѕрїЊрІ░ріЏрІј рѕИрѕГ рѕЏрІхрѕерїЇрІјріЋ ріарІГрѕГрѕ▒",2024-09-24 18:24:22+00:00
-1001333826717,"­Ъјѓ­Ъјѓ­Ъјѓ­Ъјѓ­ЪЇ░­ЪДЂ­ЪДЂCake decorating Nozzles 6pcs

Price РџА№ИЈРџА№ИЈ650 birr

­ЪЊї­ЪЊї­ЪЊї**ріарІхрѕФрѕ╗** ­ЪЊї­ЪЊї­ЪЊї
РГЋ№ИЈрЅЂрїЦрѕГ 1 рѕЇрІ░рЅ│ рІѕрІ░ рЅБрѕЇрЅ╗ рѕєрѕхрЇњрЅ│рѕЇ рїѕрЅБ рЅЦрѕј┬а ріарѕЁрѕўрІх рѕЁріЋрЇЃ рѕІрІГ 1ріЏрЇјрЅЁ 105B
РГЋ№ИЈрЅЂрїЦрѕГ 2 __ 22 ріарІЇрѕФрѕфрѕх рѕєрЅ┤рѕЇ ріарїарїѕрЅЦ┬а рЅарЇђрїІ рѕЁріЋрЇЃ 3ріЏ рЇј рЅЁ ріе рѕірЇЇрЅ▒┬а рЅа рїЇрѕФ рІерѕ▒рЅЁ рЅЂрїЦрѕГ­ЪЉї C10 
рІГрІ░рІЅрѕЅрѕЇріЋ­ЪЉє 
рЅБрѕЅрЅарЅх┬а рІФрѕѕрЅ░рїерѕЏрѕф ріГрЇЇрІФ рѕЏрІўрІЮ рІГрЅйрѕІрѕЅ 
0933334444 @LeMazez_z
0946242424 @Le_Mazez
0944109295 @Lemaze_z",2024-09-24 12:02:11+00:00
-1001333826717,"3№ИЈРЃБ­Ъћа­Ъћа­ЪњА­Ъћа­Ъћа­Ъћа­Ъћа
3Pcs рѕ┤рѕФрѕџріГ #рѕўрїЦрЅарѕ╗рІјрЅй Fry pan set
рїГрѕФрѕй рѕўрІФрІЮ рІерѕџрЅБрѕЇ ріљрїѕрѕГ рІерѕЏрІГрЅ│рѕ░рЅЦ рѕЮрѕГрїЦ рѕўрїЦрЅарѕ╗рІјрЅй
РъА№ИЈAluminum┬а Forged 4.00mm
РъА№ИЈFor All types of Kitchen
РъА№ИЈDouble layer Antiadhernte 
РъА№ИЈFor Uniform cooking
РъА№ИЈproffessional┬а quality 
РъА№ИЈErgonomic soft touch handle
РъА№ИЈsuitable for Dish washeres

┬а┬а┬а┬а┬а┬а┬а┬а┬а┬а┬а┬а┬а┬а #Price ­Ъњх­Ъњх3999
рЅБрѕЅрЅарЅх┬а рІФрѕѕрЅ░рїерѕЏрѕф ріГрЇЇрІФ рѕЏрІўрІЮ рІГрЅйрѕІрѕЅ 
­ЪЊї­ЪЊї­ЪЊїріарІхрѕФрѕ╗­ЪЉђ
РГЋ№ИЈрЅЂрїЦрѕГ 1 рѕЇрІ░рЅ│ рІѕрІ░ рЅБрѕЇрЅ╗ рѕєрѕхрЇњрЅ│рѕЇ рїѕрЅБ рЅЦрѕј┬а ріарѕЁрѕўрІх рѕЁріЋрЇЃ рѕІрІГ 1ріЏрЇјрЅЁ 105B
РГЋ№ИЈрЅЂрїЦрѕГ 2 __ 22 ріарІЇрѕФрѕфрѕх рѕєрЅ┤рѕЇ ріарїарїѕрЅЦ┬а рЅарЇђрїІ рѕЁріЋрЇЃ 3ріЏ рЇј рЅЁ ріе рѕірЇЇрЅ▒┬а рЅа рїЇрѕФ рІерѕ▒рЅЁ рЅЂрїЦрѕГ­ЪЉї C10 
рІГрІ░рІЅрѕЅрѕЇріЋ­ЪЉє 

рЅБрѕЅрЅарЅх┬а рІФрѕѕрЅ░рїерѕЏрѕф ріГрЇЇрІФ рѕЏрІўрІЮ рІГрЅйрѕІрѕЅ 

0933334444 @LeMazez_z
0946242424 @Le_Mazez
0944109295 @Lemaze_z",2024-09-24 08:36:33+00:00
-1001333826717,"Рюћ№ИЈРюћ№ИЈРюћ№ИЈРюћ№ИЈРюћ№ИЈРюћ№ИЈ**Electronic Kitchen Scale**

­ЪЉЅ Equipped with a high precision strain gauge sensor system 
­ЪЉЅ LCD Display 
­ЪЉЅModel: SF-400


┬а┬а┬а┬а┬а┬а┬а┬а┬а┬а┬а┬а┬а┬а┬а **­Ъњд рІІрїІрЇд РюЁ **1100
ріеріљрЇЃ рІ▓рѕірЅерѕф рїІрѕГ 
┬а┬а┬а┬а┬а┬а­ЪЊї­ЪЊї­ЪЊїріарІхрѕФрѕ╗­ЪЉђ
РГЋ№ИЈрЅЂрїЦрѕГ 1 рѕЇрІ░рЅ│ рІѕрІ░ рЅБрѕЇрЅ╗ рѕєрѕхрЇњрЅ│рѕЇ рїѕрЅБ рЅЦрѕј┬а ріарѕЁрѕўрІх рѕЁріЋрЇЃ рѕІрІГ 1ріЏрЇјрЅЁ 105B
РГЋ№ИЈрЅЂрїЦрѕГ 2 __ 22 ріарІЇрѕФрѕфрѕх рѕєрЅ┤рѕЇ ріарїарїѕрЅЦ┬а рЅарЇђрїІ рѕЁріЋрЇЃ 3ріЏ рЇј рЅЁ ріе рѕірЇЇрЅ▒┬а рЅа рїЇрѕФ рІерѕ▒рЅЁ рЅЂрїЦрѕГ­ЪЉї C10 
рІГрІ░рІЅрѕЅрѕЇріЋ­ЪЉє 
рЅБрѕЅрЅарЅх┬а рІФрѕѕрЅ░рїерѕЏрѕф ріГрЇЇрІФ рѕЏрІўрІЮ рІГрЅйрѕІрѕЅ 
0933334444 @LeMazez_z
0946242424 @Le_Mazez
0944109295 @Lemaze_z",2024-09-24 06:24:30+00:00
-1001333826717,"­Ъћц­Ъћц­Ъћц­Ъћц­ЪћцРЮї­Ъћц­Ъћц­ЪћцріарѕхрЇѕрѕІрїі рІерЅбрѕІ рїЦрЅЁрѕЇ рЅарЅ░рѕўрїБрїБріЮ рІІрїІ 

рІІрїІРюћ№ИЈ 1600 ріеріљрЇЃ рІ▓рѕірЅерѕф рїІрѕГ рЇѕрїЦріљрІЅ рІФрѕхрЅђрѕЕ­Ъћ┤

┬а┬а┬а┬а 0933334444 @LeMazez_z 
┬а┬а┬а┬а 0944109295 @Lemaze_z
┬а┬а┬а┬а 0946242424 @Le_Mazez
#ріГрЇЇрІФрІјріЋ_рЅарѕърЅБрІГрѕЇ_рЅБріЋріфріЋрїЇ_рѕўрЇѕрЇђрѕЮрѕЮ_рІГрЅйрѕІрѕЅ рЅарЅ░рїерѕЏрѕф #ріе_1000_рЅЦрѕГ рЅарѕІрІГ рІерѕєріЉ
#рѕЂрѕѕрЅх_рІЋрЅЃрІјрЅй рѕ▓рїѕрІЎ рѕхрїдрЅ│ ріЦріЋрѕЇріГрѕѕрІјрЅ│рѕѕріЋ 
­ЪјЂ T.me/Leyueqa ­ЪЉѕрЅ╗ріЊрѕІрЅйріЋріЋ рѕѕрїЊрІ░ріЏрІј рѕИрѕГ рѕЏрІхрѕерїЇрІјріЋ ріарІГрѕГрѕ▒",2024-09-24 05:32:08+00:00
-1001333826717,"­Ъћа­Ъћа­Ъћа­Ъћа­Ъћаstorage wardrobe plastic +metal
Рюћ№ИЈрІГрѕЁ рІерЇЋрѕІрѕхрЅ▓ріГ рЅ░ріЋрЅђрѕ│рЅЃрѕй рѕўрІ░рѕГрІ░рѕфрІФ рїаріЋріФрѕФ ріЦріЊ рІўрѕўріЊрІі рѕірїѕрїБрїарѕЮ рІерѕџрЅйрѕЇ┬а Рюћ№ИЈрІеріЦрѕГрѕхрІјріЋ рЇЇрѕІрїјрЅхрІерѕџрІФрѕЪрѕІ рѕ▓рѕєріЋ┬а рІерІџрѕЁ рЅЂрѕЮ рѕ│рїЦріЋ┬а рІ▓рІЏрІГріЋ рѕЇрЅЦрѕхрІјріЋ ріЦріЊ рїФрѕЏрІјріЋ рЅарЇЇрїЦріљрЅх ріЦріЊ рЅарЅђрѕІрѕЅ рѕѕрѕўрїарЅђрѕЮ рІерѕџрІФрѕхрЅйрѕЇ ріљрІЅ
Рюћ№ИЈ рЅдрЅ│рІЇріЋ рѕўрЅђрІерѕГ ріерЇѕрѕѕрїЅ рЅаріГрЇЇрѕЇрІј рІЎрѕфрІФ рЅарЅђрѕІрѕЅ рѕЏріЋрЅђрѕ│рЅђрѕх рІерѕџрЅйрѕЅрЅх
Рюћ№ИЈ рѕѕрѕЇрїєрЅй ріГрЇЇрѕЇ рЅ░рѕхрѕЏрѕџ
рѕ│рІГрІЎ 1.75 рѕюрЅхрѕГ рЅЂрѕўрЅх,1.05рѕю рІерїјріЋ рѕГрІЮрѕўрЅх,45рѕ│.рѕю рІѕрѕГрІх
рІІрїІ­Ъћ┤ 5800",2024-09-23 23:01:32+00:00
-1001333826717,"­ЪЊБ­Ъћ┤8.5'' рібріЋрЅй Lcd Writing Tablet рѕѕрѕЁрЇЃріЊрЅх рЇЁрѕЂрЇЇ ріЦріЊ рѕхрІЋрѕјрЅйріЋ рѕўрѕѕрѕЏрѕўрїЃ 
- рѕЁрЇЃріЊрЅх рЅарЅђрѕІрѕЅ рѕірІФрЅарѕІрѕ╣рЅх рІерѕЏрІГрЅйрѕЅ 
- рЅарЅБрЅхрѕф рІ▓ріЋрїІ рІерѕџрѕ░рѕФ рІерѕФрѕ▒ рѕўрЇЃрЇірІФ рІФрѕѕрІЇ 

┬а┬а┬а┬а рІІрїІРюћ№ИЈ 650 рЅЦрѕГ┬а 2pc free delivery

┬а┬а 0933334444 @LeMazez_z
┬а┬а 0944109295 @Lemaze_z
┬а┬а 0946242424 @Le_Mazez
┬а┬а #ріарІхрѕФрѕ╗­Ъћў
РГЋ№ИЈрЅЂрїЦрѕГ 1 рѕЇрІ░рЅ│ рІѕрІ░ рЅБрѕЇрЅ╗ рѕєрѕхрЇњрЅ│рѕЇ рїѕрЅБ рЅЦрѕј┬а ріарѕЁрѕўрІх рѕЁріЋрЇЃ рѕІрІГ 1ріЏрЇјрЅЁ 105B
РГЋ№ИЈрЅЂрїЦрѕГ 2 __ 22 ріарІЇрѕФрѕфрѕх рѕєрЅ┤рѕЇ ріарїарїѕрЅЦ┬а рЅарЇђрїІ рѕЁріЋрЇЃ 3ріЏ рЇј рЅЁ ріе рѕірЇЇрЅ▒┬а рЅа рїЇрѕФ рІерѕ▒рЅЁ рЅЂрїЦрѕГ­ЪЉї C10 
рІГрІ░рІЅрѕЅрѕЇріЋ­ЪЉє",2024-09-23 11:23:38+00:00
-1001333826717,"­ЪЊБMirror Sticker

Рюћ№ИЈ рІерѕхрЅ▓ріерѕГ рѕўрѕхрЅ│рІѕрЅх
Рюћ№ИЈ рЅбрІѕрІхрЅЁ рІерѕЏрІГрѕ░рЅарѕГ
Рюћ№ИЈ рІерѕФрѕ▒ рѕўрѕѕрїарЇірІФ рІФрѕѕрІЇ
Рюћ№ИЈ рѕ┤рѕФрѕџріГ рѕІрІГрЇБ рїѓрЇЋрѕ░рѕЮ рЅ╗ріГ рѕІрІГрЇБ ріЦріЋрїерЅх рѕІрІГ рЅарЅђрѕІрѕЅ рІерѕџрѕѕрїарЇЇ
РЮЌ№ИЈ20рѕБрѕю рѕхрЇІрЅх рЅа30 рѕБрѕю рЅЂрѕўрЅхРЮЌ№ИЈ
Рюћ№ИЈ рѕърѕІрѕІ рЅЁрѕГрЇЁ рІФрѕѕрІЇ рѕЏрѕФріф
рІІрїІ 900­Ъћ┤",2024-09-23 09:32:01+00:00
-1001333826717,"­Ъћ┤­Ъї╝­Ъї╝Kitchen Oil proof Stickers
рѕѕріфрЅйріЋрІј рїЇрѕГрѕЏрѕърїѕрѕх рІерѕџрІФрѕІрЅЦрѕх ріфрЅйріЋрІјріЋ рЇЁрІхрЅх рІерѕџрІФрІ░рѕГрїЇ 
­ЪЉЅрѕѕрѕўрѕ│рЅбрІФ рЇБ рѕѕріФрЅбріћ рЇБ рѕѕріЕрѕйріЊ рЇБ рѕѕрѕхрѕІрѕ│ рІеріЦріЋрїерЅх рїѕрїйріЊ рїЇрІхрїЇрІ│ рѕІрІГ рІерѕџрѕѕрїарЇЇ┬а рЅарѕФрѕ▒ рІерѕџрїБрЅарЅЁ┬а рІЇрѕЃ рІерѕЏрІФрѕ│рѕЇрЇЇ (Waterproof) рІерѕєріљ


­ЪЉЅрѕхрЇІрЅх 60cm├Ќ5meter рѕюрЅхрѕГ┬а
рІІрїІ 900Рюћ№ИЈ рЅЦрѕГ 
**2 рЇЇрѕг рѕ▓рІФрІЎ ріљрЇЃ рІ▓рѕірЅерѕф**

­ЪЉЅрѕЎрЅђрЅхріЋріЦріЊ ріЦрѕГрїЦрЅарЅхріЋ рІерѕџрЅІрЅІрѕЮ рѕѕрѕЏрЇЁрІ│рЅх рЅђрѕІрѕЇ рІерѕєріљ

#ріГрЇЇрІФрІјріЋ_рЅарѕърЅБрІГрѕЇ_рЅБріЋріфріЋрїЇ_рѕўрЇѕрЇђрѕЮрѕЮ_рІГрЅйрѕІрѕЅ рЅарЅ░рїерѕЏрѕф #ріе_1000_рЅЦрѕГ рЅарѕІрІГ рІерѕєріЉ
#рѕЂрѕѕрЅх_рІЋрЅЃрІјрЅй рѕ▓рїѕрІЎ рѕхрїдрЅ│ ріЦріЋрѕЇріГрѕѕрІјрЅ│рѕѕріЋ ­ЪЏЇ
­ЪјЂ T.me/Leyueqa РџА№ИЈРџА№ИЈрЅ╗ріЊрѕІрЅйріЋріЋ рѕѕрїЊрІ░ріЏрІј рѕИрѕГ рѕЏрІхрѕерїЇрІјріЋ ріарІГрѕГрѕ▒ 
┬а┬а┬а┬а┬а┬а┬а┬а┬а┬а┬а


┬а┬а 0933334444 @LeMazez_z
┬а┬а 0944109295 @Lemaze_z
┬а┬а 0946242424 @Le_Mazez
┬а┬а #ріарІхрѕФрѕ╗­Ъћў­Ъїђ
РГЋ№ИЈрЅЂрїЦрѕГ 1 рѕЇрІ░рЅ│ рІѕрІ░ рЅБрѕЇрЅ╗ рѕєрѕхрЇњрЅ│рѕЇ рїѕрЅБ рЅЦрѕј┬а ріарѕЁрѕўрІх рѕЁріЋрЇЃ рѕІрІГ 1ріЏрЇјрЅЁ 105B
РГЋ№ИЈрЅЂрїЦрѕГ 2 __ 22 ріарІЇрѕФрѕфрѕх рѕєрЅ┤рѕЇ ріарїарїѕрЅЦ┬а рЅарЇђрїІ рѕЁріЋрЇЃ 3ріЏ рЇј рЅЁ ріе рѕірЇЇрЅ▒┬а рЅа рїЇрѕФ рІерѕ▒рЅЁ рЅЂрїЦрѕГ­ЪЉї C10 
рІГрІ░рІЅрѕЅрѕЇріЋ­ЪЉє",2024-09-23 07:08:54+00:00
-1001333826717,"­Ъћ┤рЅаріарІерѕГ рІерѕџрѕърѕІ рѕХрЇІ  COMFORTABLE INFLATED SOFA
рЅаріарІерѕГ рІерѕџрѕърѕІ рѕХрЇІ ріЦріЊ ріЕрѕГрѕ▓
­ЪЉЅ ріерїаріЋріФрѕФ рѕИрѕФрѕФ ріЦріЊ рЇЋрѕІрѕхрЅ▓ріГ рІерЅ░рѕ░рѕФ
­ЪЉЅ рЅарЅђрѕІрѕЅ рЅаріЋрЇІрѕх рІерѕџрѕърѕІ
­ЪЉЅ ріерѕхрѕФ рІерІ░ріерѕў ріаріФрѕЇрІјріЋ рІерѕџрІФрѕ│рѕГрЇЅрЅарЅх

рІІрїІРюћ№ИЈ5700 рЅЦрѕГ


**­ЪЉЅріеріљрЇЃ рІ▓рѕірЅерѕф рїІрѕГ****РЮЌ№ИЈ****рІерѕърЅ░рѕГ ріаріЊрѕхріерЇЇрѕЇрѕЮ****РЮЌ№ИЈ****
**#ріГрЇЇрІФрІјріЋ_рЅарѕърЅБрІГрѕЇ_рЅБріЋріфріЋрїЇ_рѕўрЇѕрЇђрѕЮрѕЮ_рІГрЅйрѕІрѕЅ** рЅарЅ░рїерѕЏрѕф **#ріе_1000_рЅЦрѕГ** рЅарѕІрІГ рІерѕєріЉ **#рѕЂрѕѕрЅх_рІЋрЅЃрІјрЅй** рѕ▓рїѕрІЎ рѕхрїдрЅ│ ріЦріЋрѕЇріГрѕѕрІјрЅ│рѕѕріЋ 
­ЪјЂ **T.me/Leyueqa** ­ЪЉѕрЅ╗ріЊрѕІрЅйріЋріЋ рѕѕрїЊрІ░ріЏрІј рѕИрѕГ рѕЏрІхрѕерїЇрІјріЋ ріарІГрѕГрѕ▒ 
┬а┬а┬а┬а┬а┬а┬а┬а┬а┬а┬а **0933334444** **@LeMazez_z**
┬а┬а┬а┬а┬а┬а┬а┬а┬а┬а┬а **0944109295** **@Lemaze_z**
┬а┬а┬а┬а┬а┬а┬а┬а┬а┬а┬а **0946242424** **@Le_Mazez",2024-09-21 13:08:01+00:00
-1001333826717,"­Ъћ┤ рѕѕрѕЁрЇЃріЊрЅх рѕЮрїЇрЅЦ рѕЏрІўрїІрїЃ рЅєріЋрїє рІЋрЅЃ**Baby Food Grinder Machine **

__­ЪЇђ Powerful function features steam, agitation, heating and electronic health
­ЪЇђ Save time and energy, it only take you 15 minutes
­ЪЇђ Convenient for use. It's no noise, simple, cooking and storing food in one hand
­ЪЇђ__#Function__: Juicing, stirring, making milkshake, crushing ice, mixing
__
┬а┬а┬а┬а┬а┬а┬а┬а┬а┬а┬а┬а┬а┬а **рІІрїІрЇд ****Рюћ№ИЈ**** 5700 рЅЦрѕГ рІГрІЅрѕ░рІ▒ ріе 1 ріарѕўрЅх
рІІрѕхрЅхріЊ
┬а ­ЪЉЅріеріљрЇЃ рІ▓рѕірЅерѕф рїІрѕГ****РЮЌ№ИЈ****рІерѕърЅ░рѕГ ріаріЊрѕхріерЇЇрѕЇрѕЮ****РЮЌ№ИЈ****
**#ріГрЇЇрІФрІјріЋ_рЅарѕърЅБрІГрѕЇ_рЅБріЋріфріЋрїЇ_рѕўрЇѕрЇђрѕЮрѕЮ_рІГрЅйрѕІрѕЅ** рЅарЅ░рїерѕЏрѕф **#ріе_1000_рЅЦрѕГ** рЅарѕІрІГ рІерѕєріЉ **#рѕЂрѕѕрЅх_рІЋрЅЃрІјрЅй** рѕ▓рїѕрІЎ рѕхрїдрЅ│ ріЦріЋрѕЇріГрѕѕрІјрЅ│рѕѕріЋ 
­ЪјЂ **T.me/Leyueqa** ­ЪЉѕрЅ╗ріЊрѕІрЅйріЋріЋ рѕѕрїЊрІ░ріЏрІј рѕИрѕГ рѕЏрІхрѕерїЇрІјріЋ ріарІГрѕГрѕ▒ 
┬а┬а┬а┬а┬а┬а┬а┬а┬а┬а┬а **0933334444** **@LeMazez_z**
┬а┬а┬а┬а┬а┬а┬а┬а┬а┬а┬а **0944109295** **@Lemaze_z**
┬а┬а┬а┬а┬а┬а┬а┬а┬а┬а┬а **0946242424** **@Le_Mazez**
**
┬а┬а┬а┬а┬а┬а┬а┬а",2024-09-21 12:30:02+00:00
-1001333826717,"­Ъћа­Ъћа­Ъћа­Ъћа­ЪњА­Ъћа­Ъћа­Ъћа­ЪћарІўрѕўріЊрІі ріарІ▓рѕх #рІерЇђрїЅрѕГ_рѕўрЅ░рі«рѕ╗┬а рЅаріцрѕїріГрЅхрѕфріГ рІерѕџрѕ░рѕФ
┬а┬а┬а┬а┬а┬а┬а┬а┬а┬а┬а┬а┬а┬а┬а┬а┬а РюЁ**рі«рІх-01**
­ЪЉЅрѕїрѕІ рѕ░рІЅ рѕ│рІФрѕхрЇѕрѕЇрїЇрІј рѕФрѕхрІј рЇђрїЅрѕГрІјріЋ рЅарѕЏрЅарїарѕГ рЅЦрЅ╗ рІерѕџрЅ░ріЕрѕ▒рЅарЅх ріарІ▓рѕх рѕЏрЅарїарѕфрІФ рЇћрѕхрЅхрѕФ 
­ЪЉЅрѕЮріЋрѕЮ ріарІГріљрЅх рІхрѕЮрЇЁ рІерѕїрѕѕрІЅ 
­ЪЉЅрЇђрїЅрѕГ рІерѕЏрІГрїјрІ│ ріарѕхрЅ░рѕЏрѕЏріЮ
­ЪЉЅрѕхрЅхрѕгрЅх ріЦріЊ ріерѕГрѕЇ рІерѕџрѕ░рѕФ рІЋрЅЃ
­ЪЉЅрїЇрІюрІјріЋ рІерѕџрЅєрїЦрЅЦрЇБ рІерѕЏрІФрІ░ріГрѕЮ
РюЁ**рЅа 1299 рЅЦрѕГ рІГрІЅрѕ░рІ▒ ріе 1 ріарѕўрЅх
рІІрѕхрЅхріЊ**
┬а ­ЪЉЅріеріљрЇЃ рІ▓рѕірЅерѕф рїІрѕГРЮЌ№ИЈрІерѕърЅ░рѕГ ріаріЊрѕхріерЇЇрѕЇрѕЮРЮЌ№ИЈ
#ріГрЇЇрІФрІјріЋ_рЅарѕърЅБрІГрѕЇ_рЅБріЋріфріЋрїЇ_рѕўрЇѕрЇђрѕЮрѕЮ_рІГрЅйрѕІрѕЅ рЅарЅ░рїерѕЏрѕф #ріе_1000_рЅЦрѕГ рЅарѕІрІГ рІерѕєріЉ #рѕЂрѕѕрЅх_рІЋрЅЃрІјрЅй рѕ▓рїѕрІЎ рѕхрїдрЅ│ ріЦріЋрѕЇріГрѕѕрІјрЅ│рѕѕріЋ 
­ЪјЂ T.me/Leyueqa ­ЪЉѕрЅ╗ріЊрѕІрЅйріЋріЋ рѕѕрїЊрІ░ріЏрІј рѕИрѕГ рѕЏрІхрѕерїЇрІјріЋ ріарІГрѕГрѕ▒ 
┬а┬а┬а┬а┬а┬а┬а┬а┬а┬а┬а 0933334444 @LeMazez_z
┬а┬а┬а┬а┬а┬а┬а┬а┬а┬а┬а 0944109295 @Lemaze_z
┬а┬а┬а┬а┬а┬а┬а┬а┬а┬а┬а 0946242424 @Le_Mazez",2024-09-21 10:48:19+00:00
-1001333826717,"­Ъћ┤рЇЋрѕІрѕхрЅ▓ріГ рІерѕЮрѕ│ рІЋрЅЃ рѕѕрЅ░рѕѕрІГрІЕ рІерІЋрІхрѕю ріГрѕЇрѕјрЅй рІерѕџрѕєріЋ рѕЂрѕѕрЅх ріГрЇЇрѕЇрЇІрІГ рІФрѕѕрІЅ
рїаріЋріФрѕФ рІерѕЮрѕ│ рІЋрЅЃ┬а рѕ╣ріФ ріЦріЊ рѕЏріЋріфрІФ ріерѕЏрѕхрЅђрѕўрїерІФрІЅ рїІрѕГ рІФріФрЅ░рЅ░

рІеріаріЋрІ▒ рІІрїІ Рюћ№ИЈ1100 ріеріљрЇЃ рІ▓рѕірЅерѕф рїІрѕГ

РЮЌ№ИЈрІерѕърЅ░рѕГ ріаріЊрѕхріерЇЇрѕЇрѕЮРЮЌ№ИЈ

T.me/Leyueqa ­ЪЉѕрЅ╗ріЊрѕІрЅйріЋріЋ рѕѕрїЊрІ░ріЏрІј рѕИрѕГ рѕЏрІхрѕерїЇрІјріЋ ріарІГрѕГрѕ▒

┬а┬а┬а┬а┬а┬а┬а 0933334444 @LeMazez_z
┬а┬а┬а┬а┬а┬а┬а 0946242424 @Le_Mazez
┬а┬а┬а┬а┬а┬а┬а┬а┬а0944109295 @Lemaze_z",2024-09-21 05:59:42+00:00
-1001333826717,"­ЪЊј­ЪЊј­ЪћѕHair Steamer Cape
­Ъњ» High Quality 

­ЪЉђрІерЇђрїЅрѕГ ріЦрѕхрЅ▓рѕўрѕГ рЅхрѕфрЅхрѕўріЋрЅх рІѕрІГрѕЮ рЅЁрЅц рЅ░рЅђрЅЦрЅ░рІЇ рЅарЅцрЅХ рѕєріљрІЇ рІерѕџрїарЅђрѕЎрЅарЅх

┬а┬а┬а┬а┬а┬а┬а┬а┬а рІІрїІ Рюћ№ИЈ 950
ріГрЇЇрІФрІјріЋ ріЦрЅЃрІЅ рѕ▓рІ░рѕГрѕхрІј рЅарѕърЅБрІГрѕЇ рЅБріЋріфріЋрїЇ рѕўрЇѕрЇђрѕЮ рІГрЅйрѕІрѕЅ

┬а┬а┬а рЅарЅ░рїерѕЏрѕф #ріе_1000_рЅЦрѕГ рЅарѕІрІГ рІерѕєріЉ
#рѕЂрѕѕрЅх_рІЋрЅЃрІјрЅй┬а ріаріЋрІх рѕІрІГ рѕ▓рїѕрІЎ рѕхрїдрЅ│ ріЦріЋрѕЇріГрѕѕрІјрЅ│рѕѕріЋ 
­ЪјЂ T.me/Leyueqa ­ЪЊј ­ЪЉѕрЅ╗ріЊрѕІрЅйріЋріЋ рѕѕрїЊрІ░ріЏрІј рѕИрѕГ рѕЏрІхрѕерїЇрІјріЋ ріарІГрѕГрѕ▒ 
┬а┬а┬а┬а┬а┬а┬а┬а

┬а┬а┬а┬а┬а┬а 0933334444 @Lemazez_Z
┬а┬а┬а┬а┬а┬а┬а 0944109295 @Lemaze_z
┬а┬а┬а┬а┬а┬а┬а0946242424 @Le_Mazez",2024-09-21 04:33:01+00:00
-1001333826717,"­Ъћа­Ъћа­Ъћа­Ъћа­Ъћа­ЪњА­Ъћа­Ъћа­Ъћа­Ъћа70рѕ┤.рѕю рІхрѕерѕх рІерїјріЋ рѕ│рІГрІЮ рІФрѕІрЅИрІЅ рѕѕрѕЏріЋріЏрІЅрѕЮ рЇЇрѕфрїЁ+рѕѕрідрЅГріЋ+рѕѕрІ▓рЇЋ рЇЇрѕфрІЮ рѕЏрѕхрЅђрѕўрїЦ рІѕрІГрѕЮ рЅарЅђрѕІрѕЅ рѕЏріЋрЅђрѕ│рЅђрѕх рІерѕџрІФрѕхрЅйрѕЇ
­ЪЁ░ Adjustable Base For Washing amachine & Refrigerator

­ЪЉїрІерЇЇрѕфрїЁрЇБ рѕЏрѕхрЅђрѕўрїФ рѕЏріЋрЅђрѕ│рЅђрѕ╗┬а рІерѕФрѕхрІјріЋ┬а ріЦріЊ рІерІЋрЅЃрІјріЋ рІ░рѕЁріЋріљрЅх рІГрїарЅЦрЅЂ!┬а 
Рё╣ рѕѕрЅцрЅхрІј рЅбрѕЅ рѕѕрѕхрѕФ рЅдрЅ│ рІерѕџрѕєріЋ 
РџА ріЦрІФріЋрІ│ріЋрІ│рЅИрІЅ ріе49_70 рѕ│.рѕю рІхрѕерѕх рѕўрѕѕрїарїЦ рІерѕџрЅйрѕЇ 
­ЪїЙheight 10cm
­ЪЉЅ load 200kg
┬а┬а┬а┬а┬а┬а┬а┬а┬а┬а**рІІрїІ ****Рюћ№ИЈ****2200 рЅЦрѕГ ріеріљрЇЃ рІ▓рѕірЅерѕф рїІрѕГ**

 РЮЌ№ИЈрІерѕърЅ░рѕГ ріаріЊрѕхріерЇЇрѕЇрѕЮРЮЌ№ИЈ

#ріГрЇЇрІФрІјріЋ_ рІЋрЅЃрІЅ _ріЦрїЁрІј рѕ▓рІ░рѕГрѕх_ріерЇѕрѕѕрїЅ_рЅаріФрѕй_ріарѕЇрІФрѕЮ_рЅарѕърЅБрІГрѕЇ_рЅБріЋріфріЋрїЇ_рѕўрЇѕрЇђрѕЮ_рІГрЅйрѕІрѕЅ рЅарЅ░рїерѕЏрѕф #ріе_1000_рЅЦрѕГ рЅарѕІрІГ рІерѕџрЅ░рѕўріЉ #рѕЂрѕѕрЅх_рІЋрЅЃрІјрЅйріЋ_ рѕ▓рїѕрІЎ рѕхрїдрЅ│ ріЦріЋрѕЇріГрѕѕрІјрЅ│рѕѕріЋ 
­ЪјЂ T.me/Leyueqa ­ЪЉѕрЅ╗ріЊрѕІрЅйріЋріЋ рѕѕрїЊрІ░ріЏрІј рѕИрѕГ рѕЏрІхрѕерїЇрІјріЋ ріарІГрѕГрѕ▒ 
┬а┬а┬а┬а┬а┬а┬а┬а┬а┬а┬а­ЪЉЅ рІФрѕЅрЅарЅх рІхрѕерѕх рЅаріљрЇЃ ріЦріЊрІ░рѕГрѕ│рѕѕріЋ ­ЪџЌ
┬а┬а┬а┬а┬а┬а┬а┬а┬а┬а
┬а┬а┬а┬а┬а┬а┬а┬а┬а┬а 0933334444 @LeMazez_z
┬а┬а┬а┬а┬а┬а┬а┬а┬а┬а┬а 0944109295 @Lemaze_z
┬а┬а┬а┬а┬а┬а┬а┬а┬а┬а┬а 0946242424 @Le_Mazez",2024-09-20 18:24:37+00:00
-1001333826717,"­Ъћц­Ъћц­Ъћц­Ъћц­Ъћц­Ъћц­Ъћц4 IN 1 HAND BLENDER

­ЪЉЅ400Watt рїЅрѕЇрЅарЅх рІФрѕѕрІЇ

­ЪЉЅ рІерѕЁрЇЃріЊрЅх┬а рѕЮрїЇрЅЦ рѕѕрѕЏрІўрїІрїђрЅх рІерѕџрЇѕрѕѕрїЇ

­ЪЉЅ рїЂрѕхрЇБрѕйріЋріЕрѕГрЅхрЇБ рѕхрїІ ріЦріЊ ріарЅхріГрѕЇрЅХрЅйріЋ рІГрЇѕрїЕрЅарЅ│рѕЇ

­ЪЉЅ ріЦріЋрЅЂрѕІрѕЇріЊ ріГрѕгрѕЮ рІГрѕўрЅ▒рЅарЅ│рѕЇ

┬а┬а┬а┬а┬а┬а┬а┬а┬а┬а рІІрїІ Рюћ№ИЈ 2700ріеріљрЇЃ рІ▓рѕірЅерѕф рїІрѕГ

 ріаріЊрѕхріерЇЇрѕЇрѕЮ­ЪџФРЮЌ№ИЈ

­ЪџЌрІФрѕЅрЅарЅх рЅдрЅ│ рІхрѕерѕх рЅаріљрї╗ ріЦріЊрІ░рѕГрѕ│рѕѕріЋ (Free Delivery)РГЋ№ИЈ2рІЋрЅЃ ріе1 рѕ║ рЅЦрѕГ рЅарѕІрІГ рІерѕџрЅ░рѕўріЉ рІЋрЅЃрІјрЅй рѕ▓рїѕрІЎ рѕхрїдрЅ│­Ъјђ ріарІўрїІрїЁрЅ░ріЊрѕЇ
┬а┬а 0933334444 @LeMazez_z
┬а┬а 0944109295 @Lemaze_z
┬а┬а 0946242424 @Le_Mazez",2024-09-20 16:30:20+00:00
-1001333826717,"­ЪЊБ­Ъћ┤Door Step Shoe Rack

Рюћ№ИЈ рІерЅарѕГ рѕхрѕГ рїФрѕЏ рѕЏрѕхрЅђрѕўрїФ
Рюћ№ИЈ  рІерЅЦрѕерЅх рЅ▒рЅд 
Рюћ№ИЈ 18 рїЦріЋрІх рїФрѕЏрІјрЅйріЋ рІерѕџрІФрѕхрЅђрѕЮрїАрЅарЅх
Рюћ№ИЈ 55cm*26cm*1.14M рѕхрЇІрЅх рІФрѕѕрІЇ
Рюћ№ИЈ рЅБрѕѕ 6 рІ░рѕерїЃ 
Рюћ№ИЈ рІ░рѕерїЃрІјрЅ╣ рІерЅЦрѕерЅх ріЊрЅИрІЇ
Рюћ№ИЈ рЅарЅђрѕІрѕЅ рІерѕџрїѕрїБрїЦрѕЎрЅх

­ЪњИ­ЪњИ2600 Рюћ№ИЈрІ▓рѕірЅерѕф ріаріЊрѕхріерЇЇрѕЇрѕЮ­ЪџФ

#ріГрЇЇрІФрІјріЋ_ рІЋрЅЃрІЅ _ріЦрїЁрІј рѕ▓рІ░рѕГрѕх_ріерЇѕрѕѕрїЅ_рЅаріФрѕй_ріарѕЇрІФрѕЮ_рЅарѕърЅБрІГрѕЇ_рЅБріЋріфріЋрїЇ_рѕўрЇѕрЇђрѕЮ_рІГрЅйрѕІрѕЅ рЅарЅ░рїерѕЏрѕф #ріе_1000_рЅЦрѕГ рЅарѕІрІГ рІерѕџрЅ░рѕўріЉ #рѕЂрѕѕрЅх_рІЋрЅЃрІјрЅйріЋ_ рѕ▓рїѕрІЎ рѕхрїдрЅ│ ріЦріЋрѕЇріГрѕѕрІјрЅ│рѕѕріЋ 
­ЪјЂ T.me/Leyueqa ­ЪЉѕрЅ╗ріЊрѕІрЅйріЋріЋ рѕѕрїЊрІ░ріЏрІј рѕИрѕГ рѕЏрІхрѕерїЇрІјріЋ ріарІГрѕГрѕ▒ 
┬а┬а┬а┬а┬а┬а┬а┬а┬а┬а┬а­ЪЉЅ рІФрѕЅрЅарЅх рІхрѕерѕх рЅаріљрЇЃ ріЦріЊрІ░рѕГрѕ│рѕѕріЋ ­ЪџЌ
┬а┬а┬а┬а┬а┬а┬а┬а┬а┬а
┬а┬а┬а┬а┬а┬а┬а┬а┬а┬а┬а 0933334444 @LeMazez_z
┬а┬а┬а┬а┬а┬а┬а┬а┬а┬а┬а 0944109295 @Lemaze_z
┬а┬а┬а┬а┬а┬а┬а┬а┬а┬а┬а 0946242424 @Le_Mazez",2024-09-20 14:13:34+00:00
-1001333826717,"­Ъћц­Ъћц­Ъћц­Ъћц­Ъћц­Ъћц­Ъћц­Ъћц­Ъћц­Ъћц
­ЪЉЅ рІеріЕріфрѕх рЅЁрѕГрЇЁ рѕЏрІЇрїфрІФ
­ЪЉЅ рІерЅ░рѕѕрІФрІе ріарІГріљрЅх рЅЁрѕГрЇЁ рѕЏрІЇрїфрІФ рІФрѕѕрІЇ
­ЪЉЅ рѕѕріГрѕгрѕЮ decoration рІерѕџрѕєріЮ
­ЪЉЅ рІерѕЏрІГрІЮрїЇ рЅЦрѕерЅх
рІІрїІ 1700РюЁ

**ріеріљрЇЃ рІ▓рѕірЅерѕф рїІрѕГ**
┬а┬а┬а рІЇрѕхріЋ рЇЇрѕг ріљрІЇ рІФрѕѕріЋ рІ░рІЇрѕѕрІЇ рІГрІўрІЎріЋ
┬а┬а┬а
┬а┬а┬а┬а┬а┬а┬а┬а┬а┬а┬а 0933334444 @LeMazez_z 
┬а┬а┬а┬а┬а┬а┬а┬а┬а┬а┬а 0946242424 @Le_Mazez
┬а┬а┬а┬а┬а┬а┬а┬а 0944109295 @Lemaze_z
#ріГрЇЇрІФрІјріЋ_рЅарѕърЅБрІГрѕЇ_рЅБріЋріфріЋрїЇ_рѕўрЇѕрЇђрѕЮрѕЮ_рІГрЅйрѕІрѕЅ рЅарЅ░рїерѕЏрѕф #ріе_1000_рЅЦрѕГ** рЅарѕІрІГ** рІерѕєріЉ
#рѕЂрѕѕрЅх_рІЋрЅЃрІјрЅй рѕ▓рїѕрІЎ рѕхрїдрЅ│ ріЦріЋрѕЇріГрѕѕрІјрЅ│рѕѕріЋ 
­ЪјЂ T.me/Leyueqa ­ЪЉѕрЅ╗ріЊрѕІрЅйріЋріЋ рѕѕрїЊрІ░ріЏрІј рѕИрѕГ рѕЏрІхрѕерїЇрІјріЋ ріарІГрѕГрѕ▒",2024-09-20 11:27:02+00:00
-1001333826717,"­Ъћа­Ъћа­Ъћа­Ъћа­Ъћа­ЪњА­Ъћа­Ъћа­Ъћа#ріГрЇЇрІФрІјріЋ_ рІЋрЅЃрІЅ _ріЦрїЁрІј рѕ▓рІ░рѕГрѕх_ріерЇѕрѕѕрїЅ_рЅаріФрѕй_ріарѕЇрІФрѕЮ_рЅарѕърЅБрІГрѕЇ_рЅБріЋріфріЋрїЇ_рѕўрЇѕрЇђрѕЮ_рІГрЅйрѕІрѕЅ рЅарЅ░рїерѕЏрѕф #ріе_1000_рЅЦрѕГ рЅарѕІрІГ рІерѕџрЅ░рѕўріЉ #рѕЂрѕѕрЅх_рІЋрЅЃрІјрЅйріЋ_ рѕ▓рїѕрІЎ рѕхрїдрЅ│ ріЦріЋрѕЇріГрѕѕрІјрЅ│рѕѕріЋ 
­ЪјЂ T.me/Leyueqa ­ЪЉѕрЅ╗ріЊрѕІрЅйріЋріЋ рѕѕрїЊрІ░ріЏрІј рѕИрѕГ рѕЏрІхрѕерїЇрІјріЋ ріарІГрѕГрѕ▒ 
┬а┬а┬а┬а┬а┬а┬а┬а┬а┬а┬а­ЪЉЅ рІФрѕЅрЅарЅх рІхрѕерѕх рЅаріљрЇЃ ріЦріЊрІ░рѕГрѕ│рѕѕріЋ ­ЪџЌ
┬а┬а┬а┬а┬а┬а┬а┬а┬а┬а
┬а┬а┬а┬а┬а┬а┬а┬а┬а┬а┬а 0933334444 @LeMazez_z
┬а┬а┬а┬а┬а┬а┬а┬а┬а┬а┬а 0944109295 @Lemaze_z
┬а┬а┬а┬а┬а┬а┬а┬а┬а┬а┬а 0946242424 @Le_Mazez",2024-09-20 07:56:25+00:00
-1001333826717,"РгЄ№ИЈРгЄ№ИЈ­ЪД│ **Double Sided Carpet Tape**

__­ЪЉЅDouble sided Carpet tape is specially intended to stick very effectively to two surfaces and create a strong bond since it is coated with adhesive on both sides__
рІерїЦрЅЁрѕЅ рѕюрЅхрѕГ #Size - 5 рѕюрЅхрѕГ РЮЌ№ИЈ


┬а┬а┬а┬а┬а┬а┬а┬а**рІІрїІрЇд ****Рюћ№ИЈ**** **700 рЅЦрѕГ 2pc free deliveryРГЋ№ИЈ2рІЋрЅЃ ріе1 рѕ║ рЅЦрѕГ рЅарѕІрІГ рІерѕџрЅ░рѕўріЉ рІЋрЅЃрІјрЅй рѕ▓рїѕрІЎ рѕхрїдрЅ│­Ъјђ ріарІўрїІрїЁрЅ░ріЊрѕЇ

┬а┬а 0933334444 @LeMazez_z
┬а┬а 0944109295 @Lemaze_z
┬а┬а 0946242424 @Le_Mazez",2024-09-20 07:42:39+00:00
-1001333826717,"­ЪїЪ­ЪїЪ­ЪїЪ
**Foldable High Capacity Travel Bags**┬а 
­ЪЉЅ__Lightweight Travel Carry Bag 
­ЪЉЅ High Capacity
­ЪЉЅWater-resistant multiple pockets 
­ЪЉЅMultifunctional Sport Travel Bags__
­ЪЉЅIt is portable with multiple ways to carry, handheld, shoulder-on, or put on luggage. 


┬а┬а┬а**┬а┬а рІІрїІрЇд┬а1,**500Рюћ№ИЈ ріеріљрЇЃ рІ▓рѕірЅерѕф рїІрѕГ
**
**#ріГрЇЇрІФрІјріЋ_ рІЋрЅЃрІЅ _ріЦрїЁрІј рѕ▓рІ░рѕГрѕх_ріерЇѕрѕѕрїЅ_рЅаріФрѕй_ріарѕЇрІФрѕЮ_рЅарѕърЅБрІГрѕЇ_рЅБріЋріфріЋрїЇ_рѕўрЇѕрЇђрѕЮ_рІГрЅйрѕІрѕЅ рЅарЅ░рїерѕЏрѕф #ріе_1000_рЅЦрѕГ рЅарѕІрІГ рІерѕџрЅ░рѕўріЉ #рѕЂрѕѕрЅх_рІЋрЅЃрІјрЅйріЋ_ рѕ▓рїѕрІЎ рѕхрїдрЅ│ ріЦріЋрѕЇріГрѕѕрІјрЅ│рѕѕріЋ 
­ЪјЂ T.me/Leyueqa ­ЪЉѕрЅ╗ріЊрѕІрЅйріЋріЋ рѕѕрїЊрІ░ріЏрІј рѕИрѕГ рѕЏрІхрѕерїЇрІјріЋ ріарІГрѕГрѕ▒ 
┬а┬а┬а┬а┬а┬а┬а┬а┬а┬а┬а­ЪЉЅ рІФрѕЅрЅарЅх рІхрѕерѕх рЅаріљрЇЃ ріЦріЊрІ░рѕГрѕ│рѕѕріЋ ­ЪџЌ
┬а┬а┬а┬а┬а┬а┬а┬а┬а┬а
┬а┬а┬а┬а┬а┬а┬а┬а┬а┬а┬а 0933334444 @LeMazez_z
┬а┬а┬а┬а┬а┬а┬а┬а┬а┬а┬а 0944109295 @Lemaze_z
┬а┬а┬а┬а┬а┬а┬а┬а┬а┬а┬а 0946242424 @Le_Mazez",2024-09-20 05:49:22+00:00
-1001333826717,"­Ъћ┤Sweat Shaper
┬а┬а┬а┬а┬а ­ЪЪа Slimming body shaper 
┬а┬а┬а┬а┬а ­Ъћ╗рІерІѕріЋрІх ­ЪЉѕ Sweat Shaper ріарѕхрѕўрїЦрЅ░ріЊрѕЇРђ╝№ИЈ

­Ъћ╗ ріаріљрѕхрЅ░ріЏ ріЦріЋрЅЁрѕхрЅЃрѕ┤ рѕ▓рІФрІ░рѕГрїЅ рІерѕ░рІЇріљрЅх рѕЎрЅђрЅхріЋ рЅарѕўрїерѕўрѕГ рѕ░рІЇріљрЅ│рЅйріЋ рІЇрѕхрїЦ рІФрѕѕріЋ рѕхрЅЦ ріарЅЃрїЦрѕј рЅарѕЏрїЦрЇІрЅх рІерЅ░рѕхрЅ░ріФріерѕѕ рЅЂрѕўріЊ рІерѕџрІФрѕІрЅЦрѕх рѕЇрІЕ рЅ┤ріГріќрѕјрїѓ

­Ъћ╗ рІерѕ░рІЇріљрЅх ріГрЅЦрІ░рЅхріЋ рЅБрїГрѕГ рїірІю рІГрЅђріЋрѕ│рѕЇ

­Ъћ╗ рЅарЅхріЋрѕй ріЦріЋрЅЁрѕхрЅЃрѕ┤ ріерЇЇрЅ░ріЏ ріФрѕјрѕфріЋ рІФрЅЃрїЦрѕІрѕЇ
­Ъћ╗ рѕєрІ│рЅйріЋ рѕІрІГ рІФрѕѕріЋ рѕхрЅЦ рЅарѕЏрЅЁрѕѕрїЦ рІФрѕЏрѕе рІерѕєрІх рЅЁрѕГрЇЁ рІФрѕІрЅЦрѕ░ріЊрѕЇ

­ЪЪБ Size: S/M, L/XL, 2XL/3XL

рІІрїІ 1100Рюћ№ИЈРюћ№ИЈріеріљрЇЃ рІ▓рѕірЅерѕф рїІрѕГРгЄ№ИЈ

┬а 0933334444 @LeMazez_z
┬а┬а 0944109295 @Lemaze_z
┬а┬а 0946242424 @Le_Mazez

#ріГрЇЇрІФрІјріЋ_рЅарѕърЅБрІГрѕЇ_рЅБріЋріфріЋрїЇ_рѕўрЇѕрЇђрѕЮрѕЮ_рІГрЅйрѕІрѕЅ рЅарЅ░рїерѕЏрѕф #ріе_1000_рЅЦрѕГ рЅарѕІрІГ рІерѕєріЉ
#рѕЂрѕѕрЅх_рІЋрЅЃрІјрЅй рѕ▓рїѕрІЎ рѕхрїдрЅ│ ріЦріЋрѕЇріГрѕѕрІјрЅ│рѕѕріЋ ­ЪЏЇ
­ЪјЂ T.me/Leyueqa РџА№ИЈРџА№ИЈрЅ╗ріЊрѕІрЅйріЋріЋ рѕѕрїЊрІ░ріЏрІј рѕИрѕГ рѕЏрІхрѕерїЇрІјріЋ ріарІГрѕГрѕ▒

┬а┬а┬а┬а┬а┬а┬а┬а┬а┬а",2024-09-19 17:31:57+00:00
-1001333826717,"­ЪЊї­ЪЊї­ЪЊї­ЪЊїWaist Training Corset

РюЁ рЅдрѕГрїГ рІерѕџрѕ░рЅарѕхрЅЦ
РюЁ рІерЅдрѕГрїГ рѕхрЅЦ рІерѕџрІФрЅЃрїЦрѕЇ 
РюЁ рѕЏрѕФріф рІерѕ░рІЇріљрЅх рЅЁрѕГрЇЁ рІГрѕ░рїБрѕЇ
РюЁ рїђрѕГрЅБ рЅарѕўрІ░рїѕрЇЇ рІерІѕрїѕрЅЦ рѕЁрѕўрѕЮ рІГрЅђріЋрѕ│рѕЇ
РюЁ рѕѕрІѕрѕѕрІ▒ ріЦріЊрЅХрЅй рІерѕџрІФрѕхрЇѕрѕЇрїЇ
РюЁ5 рѕюрЅхрѕГ

рІІрїІ- 1000
­ЪЉЇ рІерѕўрѕерїАрЅхріЋ ріЦрЅЃ рІГрІўрІЎрЇц рІФрѕЅрЅарЅх рЅаріљрЇЃ┬а┬а ріЦріЊрІ░рѕГрѕ│рѕѕріЋ!!

┬а┬а 0933334444 @LeMazez_z
┬а┬а 0944109295 @Lemaze_z
┬а┬а 0946242424 @Le_Mazez
ріарІхрѕФрѕ╗
РГЋ№ИЈрЅЂрїЦрѕГ 1 рѕЇрІ░рЅ│ рІѕрІ░ рЅБрѕЇрЅ╗ рѕєрѕхрЇњрЅ│рѕЇ рїѕрЅБ рЅЦрѕј┬а ріарѕЁрѕўрІх рѕЁріЋрЇЃ рѕІрІГ 1ріЏрЇјрЅЁ 105B
РГЋ№ИЈрЅЂрїЦрѕГ 2 __ 22 ріарІЇрѕФрѕфрѕх рѕєрЅ┤рѕЇ ріарїарїѕрЅЦ┬а рЅарЇђрїІ рѕЁріЋрЇЃ 3ріЏ рЇј рЅЁ ріе рѕірЇЇрЅ▒┬а рЅа рїЇрѕФ рІерѕ▒рЅЁ рЅЂрїЦрѕГ­ЪЉї C10 
рІГрІ░рІЅрѕЅрѕЇріЋ­ЪЉє",2024-09-19 15:24:01+00:00
-1001333826717,"­ЪЊї­ЪЊї­ЪЊїSlicer рІерЅ░рѕѕрІФрІЕ ріарЅхріГрѕЇрЅХрЅйріЋ рЅарѕџрІФрѕЮрѕГ рЅЁрѕГрЇєрЅй рІерѕџрІФрІѕрїБрѕЇріЋ рЅђрѕІрѕЇріЊ рѕЮрЅ╣ рѕЏріЋрІІрѕЇ рѕЏрѕйріЋ рЅфрІ▓рІ«рІЇріЋ рІГрѕўрѕЇріерЅ▒ рІЋрЅЃрІЇріЋ рІГрІѕрІ▒рЅ│рѕЇ 
рІЋрЅЃрІЇріЋ рѕ│рІФрѕЇрЅЁ ріарѕЂріЉріЉ рІГрІўрІЎріЋ рЅаріљрЇЃ ріарІ▓рѕх ріарЅарЅБ рІФрѕЅрЅарЅх рЅдрЅ│ ріЦріЊрѕўрїБрѕЇрІјрЅ│рѕѕріЋ 
#рІІрїІ_1350Рюћ№ИЈ_рЅЦрѕГ_ріеріљрЇЃ_рІ▓рѕірЅерѕф_рїІрѕГ
#ріГрЇЇрІФрІјріЋ_ рІЋрЅЃрІЅ _ріЦрїЁрІј рѕ▓рІ░рѕГрѕх_ріерЇѕрѕѕрїЅ_рЅаріФрѕй_ріарѕЇрІФрѕЮ_рЅарѕърЅБрІГрѕЇ_рЅБріЋріфріЋрїЇ_рѕўрЇѕрЇђрѕЮ_рІГрЅйрѕІрѕЅ рЅарЅ░рїерѕЏрѕф #ріе_1000_рЅЦрѕГ рЅарѕІрІГ рІерѕџрЅ░рѕўріЉ #рѕЂрѕѕрЅх_рІЋрЅЃрІјрЅй рЅаріаріЋрІхрІ▓рѕірЅерѕф рїЇрІю┬а рѕ▓рІФрІЎ рѕхрїдрЅ│ ріЦріЋрѕЇріГрѕѕрІјрЅ│рѕѕріЋ 

┬а┬а┬а┬а┬аріеріљрЇЃ рІ▓рѕірЅерѕф рїІрѕГ
­ЪџЌрІФрѕЅрЅарЅх рЅдрЅ│ рІхрѕерѕх рЅаріљрї╗ ріЦріЊрІ░рѕГрѕ│рѕѕріЋ (Free Delivery)РГЋ№ИЈ2рІЋрЅЃ ріе1 рѕ║ рЅЦрѕГ рЅарѕІрІГ рІерѕџрЅ░рѕўріЉ рІЋрЅЃрІјрЅй рѕ▓рїѕрІЎ рѕхрїдрЅ│­Ъјђ ріарІўрїІрїЁрЅ░ріЊрѕЇ

┬а┬а 0933334444  @LeMazez_z
┬а┬а 0944109295 @Lemaze_z
┬а┬а 0946242424 @Le_Mazez",2024-09-19 13:39:57+00:00
-1001333826717,"­ЪЎѓ­ЪЎѓ­ЪЎѓSMILE FACY PAN­Ъўђ­Ъўђ­Ъўђ­Ъўђ­Ъўђ
рІерЇЊріЋрігріГ рѕўрѕхрѕфрІФ рЇЊріЋ рѕ┤рѕФрѕџріГ рІерѕєріљ рІерѕЏрІГрІЮ рІЋрЅЃ ріарѕхрѕўрїЦрЅ░ріЊрѕЇ рЅарЅђрѕІрѕЅ рЅЂрѕГрѕх ріЦріЊ рѕўріГрѕ░рѕх ріљрїѕрѕ«рЅйріЋ рѕѕрѕЇрїєрЅй рѕѕрѕЏрІўрїІрїђрЅх рІерѕџрѕєріЋ **рІІрїІ 1700**РюЁ

рЅБрѕЅрЅарЅх┬а рІФрѕѕрЅ░рїерѕЏрѕф ріГрЇЇрІФ рѕЏрІўрІЮ рІГрЅйрѕІрѕЅ 
┬а┬а┬а┬а┬а┬а┬а┬а┬а┬а ┬а┬а0933334444 @LeMazez_z
┬а┬а┬а┬а┬а┬а┬а┬а┬а┬а┬а┬а┬а 0946242424 @Le_Mazez
┬а┬а┬а┬а┬а┬а┬а┬а┬а┬а┬а┬а┬а 0944109295 @Lemaze_z",2024-09-19 11:22:56+00:00
-1001333826717,"­Ъћй­ЪћйРЮЊ**__рІерЅцрЅхрІј рЅєрѕГрЅєрѕ« рЅарІЮріЊрЅЦ__** рІФріЋрїарЅБрїЦрЅБрѕЇ  water proof┬а рѕѕрѕ«рЅХрЇЦрѕѕрїБрѕфрІФ ріЦріЊ рѕѕрЅДріЋрЅД ріЦріЋрІ│рІФріЋрїарЅарїЦрЅЦ┬а ріГрЇЇрЅ░рЅх рѕўрїарїѕріЏ┬а рѕЂріљріЏ┬а рЅЦрІЎ ріарїѕрѕЇрїЇрѕјрЅх рІФрѕѕрІЅ
рЇЋрѕІрѕхрЅ░рѕГ

­ЪЉЅ for Pipe Leakage 
­ЪЉЅ for Roof Water Leakage Solution 
­ЪЉЅ Aluminium Foil Tape Waterproof Adhesive Tape Sealing Butyl Rubber Tape for Surface Crack, Pipe Rupture ..

­ЪЉЅ5 meter

┬а┬а┬а┬а**┬а┬а┬а┬а рІІрїІрЇд┬а 900рЅЦрѕГ ріеріљрЇЃ рІ▓рѕірЅерѕф рїІрѕГ**
**
рЅарЅ░рїерѕЏрѕф **#ріе_1000_рЅЦрѕГ** рЅарѕІрІГ рІерѕєріЉ
**#рѕЂрѕѕрЅх_рІЋрЅЃрІјрЅй** рЅаріаріЋрІхрІ▓рѕірЅерѕф рїЇрІю┬а рѕ▓рІФрІЎ рѕхрїдрЅ│ ріЦріЋрѕЇріГрѕѕрІјрЅ│рѕѕріЋ **
­ЪјЂ T.me/Leyueqa ­ЪЉѕрЅ╗ріЊрѕІрЅйріЋріЋ рѕѕрїЊрІ░ріЏрІј рѕИрѕГ рѕЏрІхрѕерїЇрІјріЋ ріарІГрѕГрѕ▒ 
┬а┬а┬а┬а┬а┬а┬а┬а­ЪЊї­ЪЊї­ЪЊїріарІхрѕФрѕ╗ ­ЪЊї­ЪЊї­ЪЊї
РГЋ№ИЈрЅЂрїЦрѕГ 1 рѕЇрІ░рЅ│ рІѕрІ░ рЅБрѕЇрЅ╗ рѕєрѕхрЇњрЅ│рѕЇ рїѕрЅБ рЅЦрѕј┬а ріарѕЁрѕўрІх рѕЁріЋрЇЃ рѕІрІГ 1ріЏрЇјрЅЁ 105B
РГЋ№ИЈрЅЂрїЦрѕГ 2 __ 22 ріарІЇрѕФрѕфрѕх рѕєрЅ┤рѕЇ ріарїарїѕрЅЦ┬а рЅарЇђрїІ рѕЁріЋрЇЃ 3ріЏ рЇј рЅЁ ріе рѕірЇЇрЅ▒┬а рЅа рїЇрѕФ рІерѕ▒рЅЁ рЅЂрїЦрѕГ­ЪЉї C10 
рІГрІ░рІЅрѕЅрѕЇріЋ­ЪЉє 
рЅБрѕЅрЅарЅх┬а рІФрѕѕрЅ░рїерѕЏрѕф ріГрЇЇрІФ рѕЏрІўрІЮ рІГрЅйрѕІрѕЅ 
0933334444 @LeMazez_z
0946242424 @Le_Mazez
0944109295 @Lemaze_z",2024-09-19 06:23:07+00:00
-1001333826717,"­ЪД│­ЪД│­ЪД│­ЪД│impulse Sealer
рІерѕІрѕхрЅ▓ріГ рѕЏрѕИрїірІФ рЅаріцрѕїріГрЅхрѕфріГ рІерѕџрѕ░рѕФ рЅарЇЇрїЦріљрЅх ріЦріЊ рЅарїЦрѕФрЅх рІерѕџрІФрѕйрїЇ 
рЇѕрїБріЋ рїЇрІю рїЅрѕЇрЅарЅх рІерѕџрЅєрїЦрЅЦ
рїаріЋріФрѕФ рѕўрѕѕрІІрІѕрїФ рІФрѕѕрІЅ рѕѕрЅ░рѕѕрІФрІЕ рІерІЋрЅЃ ріарІГріљрЅХрЅй рѕѕрЅ░рѕѕрІФрІЕ рѕѕрЅБрѕЇрЅхріЊ ріЦріЊ рѕѕрЅцрЅх ріарїѕрѕЇрїЇрѕјрЅХрЅй рІерѕџрІѕрѕЅ рЇѕрїЦріљрІЅ рІГрІЅрѕ░рІ▒ ріе 1 ріарѕўрЅх рІІрѕхрЅхріЊ рїІрѕГ┬а┬а┬а┬а

**рЅфрІхрІјрІЇріЋ ріЦрѕхріе рѕўрїерѕерѕ╗ рІГрѕўрѕЇріерЅ▒рЅх**

┬а
­ЪЉЇ300mm┬а┬арѕўріФріерѕѕріЏРюћ№ИЈ 2500 
­ЪЇћ200 mm┬а рЅхріЋрѕ╣Рюћ№ИЈ2100 рЅЦрѕГ ріеріљрЇЃ рІ▓рѕірЅерѕф рїІрѕГ
ріГрЇЇрІФрІјріЋ_рЅарѕърЅБрІГрѕЇ_рЅБріЋріфріЋрїЇ_рѕўрЇѕрЇђрѕЮрѕЮ_рІГрЅйрѕІрѕЅ рЅарЅ░рїерѕЏрѕф #ріе_1000_рЅЦрѕГ рЅарѕІрІГ рІерѕєріЉ
#рѕЂрѕѕрЅх_рІЋрЅЃрІјрЅй рѕ▓рїѕрІЎ рѕхрїдрЅ│ ріЦріЋрѕЇріГрѕѕрІјрЅ│рѕѕріЋ ­ЪЏЇ
Рџа№ИЈРџа№ИЈ T.me/Leyueqa РџА№ИЈрЅ╗ріЊрѕІрЅйріЋріЋ рѕѕрїЊрІ░ріЏрІј рѕИрѕГ рѕЏрІхрѕерїЇрІјріЋ ріарІГрѕГрѕ▒ 
┬а┬а┬а┬а┬а┬а┬а┬а┬а­ЪЊї­ЪЊї­ЪЊїріарІхрѕФрѕ╗­ЪЉђ
РГЋ№ИЈрЅЂрїЦрѕГ 1 рѕЇрІ░рЅ│ рІѕрІ░ рЅБрѕЇрЅ╗ рѕєрѕхрЇњрЅ│рѕЇ рїѕрЅБ рЅЦрѕј┬а ріарѕЁрѕўрІх рѕЁріЋрЇЃ рѕІрІГ 1ріЏрЇјрЅЁ 105B
РГЋ№ИЈрЅЂрїЦрѕГ 2 __ 22 ріарІЇрѕФрѕфрѕх рѕєрЅ┤рѕЇ ріарїарїѕрЅЦ┬а рЅарЇђрїІ рѕЁріЋрЇЃ 3ріЏ рЇј рЅЁ ріе рѕірЇЇрЅ▒┬а рЅа рїЇрѕФ рІерѕ▒рЅЁ рЅЂрїЦрѕГ­ЪЉї C10 
рІГрІ░рІЅрѕЅрѕЇріЋ­ЪЉє
рЅБрѕЅрЅарЅх┬а рІФрѕѕрЅ░рїерѕЏрѕф ріГрЇЇрІФ рѕЏрІўрІЮ рІГрЅйрѕІрѕЅ 

0933334444 @LeMazez_z
0946242424 @Le_Mazez
0944109295 @Lemaze_z",2024-09-18 07:42:19+00:00
-1001333826717,"­ЪњФ­ЪњФSaachi 3 in 1 ORIGINAL рІерїЂрѕх+рІерѕйріЋріЕрѕГрЅх+рІерЅАріЊ 600 WATT
Рюћ№ИЈ1.6 litre high capacity plastic jar
Рюћ№ИЈ2 speed control with pulse
Рюћ№ИЈFull safety switch
Рюћ№ИЈPowerful motor
Рюћ№ИЈUltra sharp blade
Рюћ№ИЈRotary switch for easy operate
Рюћ№ИЈPlastic lined grinding mill
рІІрїІ 4000­ЪЉЇ­ЪЉЇ
­ЪЊї­ЪЊї­ЪЊї**ріарІхрѕФрѕ╗** ­ЪЊї­ЪЊї­ЪЊї
РГЋ№ИЈрЅЂрїЦрѕГ 1 рѕЇрІ░рЅ│ рІѕрІ░ рЅБрѕЇрЅ╗ рѕєрѕхрЇњрЅ│рѕЇ рїѕрЅБ рЅЦрѕј┬а ріарѕЁрѕўрІх рѕЁріЋрЇЃ рѕІрІГ 1ріЏрЇјрЅЁ 105B
РГЋ№ИЈрЅЂрїЦрѕГ 2 __ 22 ріарІЇрѕФрѕфрѕх рѕєрЅ┤рѕЇ ріарїарїѕрЅЦ┬а рЅарЇђрїІ рѕЁріЋрЇЃ 3ріЏ рЇј рЅЁ ріе рѕірЇЇрЅ▒┬а рЅа рїЇрѕФ рІерѕ▒рЅЁ рЅЂрїЦрѕГ­ЪЉї C10 
рІГрІ░рІЅрѕЅрѕЇріЋ­ЪЉє 
рЅБрѕЅрЅарЅх┬а рІФрѕѕрЅ░рїерѕЏрѕф ріГрЇЇрІФ рѕЏрІўрІЮ рІГрЅйрѕІрѕЅ 
0933334444 @LeMazez_z
0946242424 @Le_Mazez
0944109295 @Lemaze_z",2024-09-18 06:01:51+00:00
-1001333826717,"­Ъћа­Ъћа­Ъћа­Ъћа ­Ъћа­Ъћа­Ъћа

­ЪД│рѕЮрѕГрїЦ рІерЅ░рѕЏрѕф рЅдрѕГрѕ│рІјрЅйріЋ ріарѕхрѕўрїЦрЅ░ріЊрѕЇ
рЅарЅ░рѕѕрІФрІЕ рІеріерѕѕрѕГ ріарѕЏрѕФрїГ ріЦріЊ рЅЦрѕФріЋрІХрЅй

Рюћ№ИЈріеріљрЇЃ рІ▓рѕірЅерѕф рїІрѕГРгЄ№ИЈ

┬а 0933334444 @LeMazez_z
┬а┬а 0944109295 @Lemaze_z
┬а┬а 0946242424 @Le_Mazez

#ріГрЇЇрІФрІјріЋ_рЅарѕърЅБрІГрѕЇ_рЅБріЋріфріЋрїЇ_рѕўрЇѕрЇђрѕЮрѕЮ_рІГрЅйрѕІрѕЅ рЅарЅ░рїерѕЏрѕф #ріе_1000_рЅЦрѕГ рЅарѕІрІГ рІерѕєріЉ
#рѕЂрѕѕрЅх_рІЋрЅЃрІјрЅй рѕ▓рїѕрІЎ рѕхрїдрЅ│ ріЦріЋрѕЇріГрѕѕрІјрЅ│рѕѕріЋ ­ЪЏЇ
­ЪјЂ T.me/Leyueqa РџА№ИЈРџА№ИЈрЅ╗ріЊрѕІрЅйріЋріЋ рѕѕрїЊрІ░ріЏрІј рѕИрѕГ рѕЏрІхрѕерїЇрІјріЋ ріарІГрѕГрѕ▒",2024-09-17 16:40:12+00:00
-1001333826717,"­Ъња­Ъња­Ъња3in1 One Step Hair Dryer & Styler 

­ЪЉЅ 3 рїЦрЅЁрѕърЅйріЋ ріаріЋрІх рѕІрІГ рІерІФрІў
рѕѕрѕЂрѕЅрѕЮ рЇђрїЅрѕГ рЅ░рѕхрѕЏрѕџ
­ЪЉЅріаріЋрІх 1 рІЋрЅЃ 3 рїЦрЅЁрѕЮ 
РГљ№ИЈрѕЏрІхрѕерЅѓрІФ рЇБ
РГљ№ИЈрЇћрѕхрЅхрѕФ(рѕ░рЅхрѕфрЅх рѕўрѕхрѕфрІФ)рЇБ
РГљ№ИЈріерѕГрѕЇ рѕўрѕхрѕГрІФ

РГљ№ИЈ3 рІерѕЎрЅђрЅх рѕўрїаріЋ рІФрѕѕрІЇ рѕѕрїаріЋріФрѕФ рѕѕрѕўріФріерѕѕріЏ рѕѕрѕЅрїФ рЇђрїЅрѕГрѕЮ рІерѕџрѕхрѕЏрѕЏ
рїірІю рЅєрїБрЅб рЇђрїЅрѕГріЋ рЅаріЦрѕ│рЅх ріерѕўрїЅрІ│рЅх рІерѕџріерѕІріерѕЇ

­ЪЉЅ Curling Hair 
­ЪЉЅStraightening Hair 
­ЪЉЅDry Hair 

**__ріаріЋрІх рІЋрЅЃ 3 ріарїѕрѕЇрїЇрѕјрЅх__** 

┬а┬а┬а┬а┬а┬а РГљ№ИЈрІІрїІрЇд┬а **1800 РюЁрЅЦрѕГ**┬а рЅцрЅхрІј рІхрѕерѕх рЅаріљрЇЃ рІГрѕўрїБрѕЇрІјрЅ│рѕЇ



**ріеріљрЇЃ рІ▓рѕірЅерѕф рїІрѕГ**
**
рЅарЅ░рїерѕЏрѕф **#ріе_1000_рЅЦрѕГ** рЅарѕІрІГ рІерѕєріЉ
**#рѕЂрѕѕрЅх_рІЋрЅЃрІјрЅй** рЅаріаріЋрІхрІ▓рѕірЅерѕф рїЇрІю┬а рѕ▓рІФрІЎ рѕхрїдрЅ│ ріЦріЋрѕЇріГрѕѕрІјрЅ│рѕѕріЋ **
­ЪјЂ T.me/Leyueqa ­ЪЉѕрЅ╗ріЊрѕІрЅйріЋріЋ рѕѕрїЊрІ░ріЏрІј рѕИрѕГ рѕЏрІхрѕерїЇрІјріЋ ріарІГрѕГрѕ▒ 
┬а┬а┬а┬а┬а┬а┬а┬а­ЪЊї­ЪЊї­ЪЊїріарІхрѕФрѕ╗­ЪЉђ
РГЋ№ИЈрЅЂрїЦрѕГ 1 рѕЇрІ░рЅ│ рІѕрІ░ рЅБрѕЇрЅ╗ рѕєрѕхрЇњрЅ│рѕЇ рїѕрЅБ рЅЦрѕј┬а ріарѕЁрѕўрІх рѕЁріЋрЇЃ рѕІрІГ 1ріЏрЇјрЅЁ 105B
РГЋ№ИЈрЅЂрїЦрѕГ 2 __ 22 ріарІЇрѕФрѕфрѕх рѕєрЅ┤рѕЇ ріарїарїѕрЅЦ┬а рЅарЇђрїІ рѕЁріЋрЇЃ 3ріЏ рЇј рЅЁ ріе рѕірЇЇрЅ▒┬а рЅа рїЇрѕФ рІерѕ▒рЅЁ рЅЂрїЦрѕГ­ЪЉї 

0933334444 @LeMazez_z
0946242424 @Le_Mazez
0944109295 @Lemaze_z",2024-09-17 10:51:06+00:00
-1001333826717,"­ЪњЦ­ЪњЦ­ЪњЦHeater
рЅБрѕѕ рѕХрѕхрЅх ріарѕЮрЇќрѕЇ рІерѕєріљ рІерЅцрЅх рІЇрѕхрїЦ рѕЏрѕърЅѓрІФ
ріерЇЇрЅ░ріЏ рЅЁрІЮрЅЃрІюріЋ рІерѕџрІФрѕхрЅђрѕГ рѕЇрІЕ рІерѕєріљ рІерЅцрЅх рІЇрѕхрїЦ ріЦрЅЃ рЅа ┬аРюћ№ИЈ рЅЦрѕГ┬а ріеріаріЋрІх ріарѕўрЅх рІІрѕхрЅхріЊ рїІрѕГ­ЪќЦ
­ЪЊї­ЪЊї­ЪЊїріарІхрѕФрѕ╗­Ъћх
РГЋ№ИЈрЅЂрїЦрѕГ 1 рѕЇрІ░рЅ│ рІѕрІ░ рЅБрѕЇрЅ╗ рѕєрѕхрЇњрЅ│рѕЇ рїѕрЅБ рЅЦрѕј┬а ріарѕЁрѕўрІх рѕЁріЋрЇЃ рѕІрІГ 1ріЏрЇјрЅЁ 105B
РГЋ№ИЈрЅЂрїЦрѕГ 2 __ 22 ріарІЇрѕФрѕфрѕх рѕєрЅ┤рѕЇ ріарїарїѕрЅЦ┬а рЅарЇђрїІ рѕЁріЋрЇЃ 3ріЏ рЇј рЅЁ ріе рѕірЇЇрЅ▒┬а рЅа рїЇрѕФ рІерѕ▒рЅЁ рЅЂрїЦрѕГ­ЪЉї C10 
рІГрІ░рІЅрѕЅрѕЇріЋ­ЪЉє 
рЅБрѕЅрЅарЅх┬а рІФрѕѕрЅ░рїерѕЏрѕф ріГрЇЇрІФ рѕЏрІўрІЮ рІГрЅйрѕІрѕЅ 
0933334444 @LeMazez_z
0946242424 @Le_Mazez
0944109295 @Lemaze_z",2024-09-17 07:16:05+00:00
-1001333826717,"5№ИЈРЃБРЮї­Ъћц­ЪћцРЮї1№ИЈРЃБРЮї**Electric Waffle Maker 5 In 1 Sandwich Maker Cooking Kitchen Appliances Breakfast Waffles Machine Non-stick**
Brand ­ЪЉЅSonifer 5 In 1 Multi Snacks Maker 
Sonifer 5 ріарІГріљрЅх рЅЂрѕГрѕхріЊ рѕўріГрѕ░рѕх рѕўрѕхрѕфрІФ
1. рѕѕрѕ│ріЋрІ▒рІірЅИрЇА 2. рѕѕрЅХрѕхрЅхрЇА 3. рѕѕрЅЦрѕхріЕрЅхрЇА 4. рѕѕрІІрЇЇрѕЇрЇА 5. рѕѕрІХріЊрЅхрЇА  рІерѕџрѕєріЉ рЅарЅђрѕІрѕЅ рІерѕџрЅђрІФрІерѕЕ рѕўрїЦрЅарѕ╗рІјрЅй рІФрѕЅрЅх

It comes with a detachable sandwich, grill, donut, waffle, and nutty making plates
рІІрїІРюЁ 5600Рюћ№ИЈРюћ№ИЈ
ріеріљрЇЃ рІ▓рѕірЅерѕф рїІрѕГ ріарІ▓рѕх ріарЅарЅБ рЅБрѕЅрЅарЅх рІГрІўрІЎріЋ
┬а┬а┬а┬а ріЦрЅБріГрІј рІЇрѕхріЋ рЇЇрѕг ріљрІЇ рІФрѕѕріЋ 
#ріГрЇЇрІФрІјріЋ_рЅарѕърЅБрІГрѕЇ_рЅБріЋріфріЋрїЇ_рѕўрЇѕрЇђрѕЮрѕЮ_рІГрЅйрѕІрѕЅ рЅарЅ░рїерѕЏрѕф #ріе_1000_рЅЦрѕГ рЅарѕІрІГ рІерѕєріЉ #рѕЂрѕѕрЅх_рІЋрЅЃрІјрЅй рѕ▓рїѕрІЎ рѕхрїдрЅ│ ріЦріЋрѕЇріГрѕѕрІјрЅ│рѕѕріЋ 
­ЪјЂ T.me/Leyueqa ­ЪЉѕрЅ╗ріЊрѕІрЅйріЋріЋ рѕѕрїЊрІ░ріЏрІј рѕИрѕГ рѕЏрІхрѕерїЇрІјріЋ ріарІГрѕГрѕ▒ 
┬а┬а┬а┬а┬а┬а┬а
┬а┬а┬а┬а┬а┬а┬а┬а┬а┬а┬а 0933334444 @LeMazez_z
        ┬а┬а┬а┬а 0944109295 @Lemaze_z
┬а┬а┬а┬а┬а┬а┬а┬а┬а┬а┬а 0946242424 @Le_Mazez",2024-09-17 06:26:02+00:00
-1001333826717,"­Ъћ┤ROTI MAKER
Brushed stainless steel housing
Non-stick coating plates for easy
cleaning
Stand upright for Compact storage
Power and Ready light indicator
Cord-wrap for storage
220-24OV-50/6OHz 120OW

рІІрїІ 4700 Рюћ№ИЈріеріљрЇЃ рІ▓рѕірЅерѕф рїІрѕГ

­ЪџЌрІФрѕЅрЅарЅх рЅдрЅ│ рІхрѕерѕх рЅаріљрї╗ ріЦріЊрІ░рѕГрѕ│рѕѕріЋ (Free Delivery)

┬а┬а┬а┬а┬а┬а┬а┬а┬а 0933334444 @LeMazez_z
┬а┬а┬а┬а┬а┬а┬а┬а┬а┬а┬а 0946242424 @Le_Mazez
┬а┬а┬а┬а┬а┬а┬а┬а┬а┬а┬а 0944109295 @Lemaze_z",2024-09-17 04:02:03+00:00
-1001333826717,"­ЪњЦmini rechargeable juicer 

Рюе рЅарЅ╗рѕГрїЁ рІерѕџрѕ░рѕФ
Рюе рІерЅхрѕЮ рІГрІъ рѕѕрѕўріЋрЅђрѕ│рЅђрѕх ріарѕўрЅ║ рІерѕєріљ
РюеріЦрѕхріе 400ml рІерѕџрІГрІЮ
РюерЅ░рїерѕЏрѕф 400ml рѕўрїарїФ рІФрѕѕрІЇ


#Package_Included 
1* Portable Juice Blender 
1* USB Charging cable 


рІІрїІрЇд┬а Рюћ№ИЈ1300Рюћ№ИЈріеріљрЇЃ рІ▓рѕірЅерѕф рїІрѕГРгЄ№ИЈ

┬а 0933334444 @LeMazez_z
┬а┬а 0944109295 @Lemaze_z
┬а┬а 0946242424 @Le_Mazez

#ріГрЇЇрІФрІјріЋ_рЅарѕърЅБрІГрѕЇ_рЅБріЋріфріЋрїЇ_рѕўрЇѕрЇђрѕЮрѕЮ_рІГрЅйрѕІрѕЅ рЅарЅ░рїерѕЏрѕф #ріе_1000_рЅЦрѕГ рЅарѕІрІГ рІерѕєріЉ
#рѕЂрѕѕрЅх_рІЋрЅЃрІјрЅй рѕ▓рїѕрІЎ рѕхрїдрЅ│ ріЦріЋрѕЇріГрѕѕрІјрЅ│рѕѕріЋ ­ЪЏЇ
­ЪјЂ T.me/Leyueqa РџА№ИЈРџА№ИЈрЅ╗ріЊрѕІрЅйріЋріЋ рѕѕрїЊрІ░ріЏрІј рѕИрѕГ рѕЏрІхрѕерїЇрІјріЋ ріарІГрѕГрѕ▒
┬а┬а┬а┬а┬а┬а┬а┬а┬а┬а┬а┬а┬а┬а┬а┬а┬а┬а┬а┬а┬а┬а┬а┬а┬а┬а┬а┬а 
­Ъџ┤РЎѓ№ИЈ­ЪЏх рІФрѕЅрЅарЅх рІхрѕерѕх┬а рЅаріљрЇЃ ріЦріЊрІ░рѕГрѕ│рѕѕріЋрЇб",2024-09-16 18:40:23+00:00
-1001333826717,"­Ъћ┤ **Rechargeable LED Table Lamp **

**­ЪЉЅVery suitable for desktop night lights in living rooms, bedrooms, restaurants, hotels, etc.**

РџА№ИЈ#Material: Aluminum alloy
РџА№ИЈ#Function: touch three-level dimming

­ЪЇ│USB charging
­ЪЇ│Charging time: 4h
­ЪЇ│Battery Life 1800mAh
­ЪЇ│Power: 1.5W
­ЪЇ│#Color: Gold,siliver,red
­ЪЇ│#Size: As shown


#Packing_List:
1*LED Desk Lamp
1*USB data cable

price 1600 Рюћ№ИЈріеріљрЇЃ рІ▓рѕірЅерѕф рїІрѕГРгЄ№ИЈ

┬а 0933334444 @LeMazez_z
┬а┬а 0944109295 @Lemaze_z
┬а┬а 0946242424 @Le_Mazez

#ріГрЇЇрІФрІјріЋ_рЅарѕърЅБрІГрѕЇ_рЅБріЋріфріЋрїЇ_рѕўрЇѕрЇђрѕЮрѕЮ_рІГрЅйрѕІрѕЅ рЅарЅ░рїерѕЏрѕф #ріе_1000_рЅЦрѕГ рЅарѕІрІГ рІерѕєріЉ
#рѕЂрѕѕрЅх_рІЋрЅЃрІјрЅй рѕ▓рїѕрІЎ рѕхрїдрЅ│ ріЦріЋрѕЇріГрѕѕрІјрЅ│рѕѕріЋ ­ЪЏЇ
­ЪјЂ T.me/Leyueqa РџА№ИЈРџА№ИЈрЅ╗ріЊрѕІрЅйріЋріЋ рѕѕрїЊрІ░ріЏрІј рѕИрѕГ рѕЏрІхрѕерїЇрІјріЋ ріарІГрѕГрѕ▒
┬а┬а┬а┬а┬а┬а┬а┬а┬а┬а┬а┬а┬а┬а┬а┬а┬а┬а┬а┬а┬а┬а┬а┬а┬а┬а┬а┬а 
­Ъџ┤РЎѓ№ИЈ­ЪЏх рІФрѕЅрЅарЅх рІхрѕерѕх┬а рЅаріљрЇЃ ріЦріЊрІ░рѕГрѕ│рѕѕріЋрЇб",2024-09-16 16:19:01+00:00
